<?xml version="1.0" encoding="utf-8"?>
<odoo>
    <template id="portal_cashier_summary_page" name="Cashier Summary Portal Template" inherit_id="portal.portal_sidebar" primary="True">
        <xpath expr="//div[hasclass('o_portal_sidebar')]" position="inside">
          <div class="row mt16 o_portal_cashier_summary_sidebar">
            <t t-call="portal.portal_record_sidebar">
              <t t-set="classes" t-value="'col-lg-auto d-print-none'"/>

              <t t-set="entries">
                  <ul class="list-group list-group-flush flex-wrap flex-row flex-lg-column">
                      <li class="list-group-item flex-grow-1">
                          <div class="o_download_pdf btn-toolbar flex-sm-nowrap">
                              <div class="btn-group  flex-grow-1 mr-1 mb-1">
                                  <a t-att-href="'/my/cashier_summary/report/download'" class="btn btn-secondary btn-block o_download_btn text-white">
                                      <i class="fa fa-download"/> Download
                                  </a>
                              </div>
                          </div>
                      </li>

                  </ul>
              </t>
            </t>
            <div id="cashier_summary_content" class="col-22 col-lg-22">
              <t t-if="error or warning" t-call="cashier_summary.portal_cashier_summary_error"/>
              <t t-if="success and (not error and not warning)" t-call="cashier_summary.portal_cashier_summary_success"/>

              <div class="o_portal_html_view shadow p-3">
                  <div id="cashier_summary_html" class="mt8 mb8" width="100%" height="100%">
                      <t t-set="selection_field_labels" t-value="{
                        'alls': 'All - Summary',
                        'alldetail': 'All - Detail',
                        'bill': 'Detail by Bill No'
                        }"/>

                      <div class="page">
                        <div class ="oe_structure"/>
                            <h3 class="text-center" style="font-weight: bold;">Cashier Summary Report</h3>
                            <div class="" style="display: -webkit-box; -webkit-box-align: center;">
                                <img width="200" height="200" t-if="company['logo']" t-att-src="image_data_uri(company['logo'])" alt="Logo"/>
                                <span t-if="company['company_details']" t-esc="company['company_details']"/>
                            </div>

                            <div style=" display: -webkit-box; -webkit-box-pack: justify; position: relative">
                               <!-- Date From To -->
                              <div style="position: absolute; bottom: 0; right: 0;">
                                <div style="width: 300px; display: -webkit-box; -webkit-box-pack: justify">
                                  <strong style="text-align: right;">Date : </strong>
                                      <div class="" style="width: 200px; text-align: right;">
                                        <t t-if="data['date_from']">
                                          <span t-esc="data['date_from']" t-options='{"widget": "date","format": "dd-MM-yyyy"}' style="padding-right: 2px;"/>
                                        </t> -
                                        <t t-if="data['date_to']">
                                          <span t-esc="data['date_to']" t-options='{"widget": "date","format": "dd-MM-yyyy"}'/>
                                        </t>
                                      </div>
                                </div>
                                    <div style="width: 300px; display: -webkit-box; -webkit-box-pack: justify">
                                        <strong style="text-align: right;">Printed Date :</strong>
                                        <div class="" style="width: 200px; text-align: right;">
                                        <span style="-webkit-align-self: flex-end;" t-esc="data['report_date']" t-options='{"widget": "date","format": "dd-MM-yyyy"}'/>
                                        </div>
                                    </div>
                              </div>

                            </div>
                        </div>

                        <t t-if="data['report_type'] == 'alldetail'">
                          <table class="table table-sm">
                            <thead>
                                <tr style="font-weight: bold;">
                                   <th>Date</th>
                                   <th>Room No.</th>
                                   <th>Guest Name</th>
                                   <th>Bill No.</th>
                                   <th>Agent Name</th>
                                   <th>Payment Type</th>
                                   <th>Transaction Type</th>
                                   <th class="text-right">Amount</th>
                                   <th class="text-right">Base Amount</th>
                                </tr>
                            </thead>
                            <tbody>
                              <t t-foreach="lines['detail_lines']" t-as="group">
                                    <t t-foreach="group['lines']" t-as="line">
                                        <tr>
                                          <td class="text-left"><span t-esc="line.get('date')" t-options='{"widget": "date","format": "dd-MM-yyyy"}'/></td>
                                          <td class="text-left"><span t-esc="line.get('room')"/></td>
                                          <td class="text-left"><span t-esc="line.get('guest')"/></td>
                                          <td class="text-left"><span t-esc="line.get('bill')"/></td>
                                          <td class="text-left"><span t-esc="line.get('agent')"/></td>
                                          <td class="text-left"><span t-esc="line.get('PaymentType')"/></td>
                                          <td class="text-left"><span t-esc="line.get('TransactionType')"/></td>
                                          <td class="text-right"><span t-esc="line.get('amount')" t-options="{'widget': 'float', 'precision': 2}"/></td>
                                          <td class="text-right"><span t-esc="line.get('baseamount')" t-options="{'widget': 'float', 'precision': 2}"/></td>
                                        </tr>
                                    </t>
                                  <tr class="bold-row bold-border">
                                          <td/>
                                          <td/>
                                          <td/>
                                          <td/>
                                          <td/>
                                            <td/>
                                          <td class="text-left"><span>Sub Total</span></td>
                                          <td class="text-right"><span t-esc="group.get('currency')"/></td>
                                          <td class="text-right"><span t-esc="group['total']['amount']" t-options="{'widget': 'float', 'precision': 2}"/></td>
                                  </tr>
                              </t>
                                <tr class="bold-row bold-border">
                                  <td/>
                                  <td/>
                                  <td/>
                                  <td/>
                                  <td/>
                                  <td/>
                                    <td/>
                                  <td class="text-left"><span>Grand Total</span></td>
                                  <td class="text-right"><span t-esc="lines['grand_total']" t-options="{'widget': 'float', 'precision': 2}"/></td>
                                </tr>
                            </tbody>
                          </table>
                        </t>
                        <t t-if="data['report_type'] == 'alls'">
                          <table class="table table-sm">
                                <thead>
                                    <tr style="width: 250px; font-weight: bold;">
                                      <th class="text-left"  style="font-weight: bold;">Cashier Name</th>
                                        <t t-foreach="lines['payment_types']" t-as="payment_type">
                                            <th class="text-right" style="font-weight: bold;">
                                                <span t-esc="payment_type.get('name')"/>
                                            </th>
                                        </t>
                                        <th class="text-right"  style="font-weight: bold;">Total</th>
                                    </tr>
                                </thead>
                                <tbody>
                                    <t t-foreach="lines['summary_lines']" t-as="group">
                                        <tr>
                                        <t t-foreach="group.items()" t-as="entry">
                                            <t t-if="entry[0] == 'cashier'">
                                                <td class="text-left"><span t-esc="entry[1]"/></td>
                                            </t>
                                            <t t-if="entry[0] != 'cashier'">
                                                <td class="text-right"><span t-esc="entry[1]"/></td>
                                            </t>
                                        </t>
                                        </tr>
                                    </t>
                                </tbody>
                          </table>
                        </t>
                  </div>
              </div>
            </div>
          </div>
        </xpath>
    </template>
</odoo>