<?xml version="1.0" encoding="utf-8"?>
<odoo>
    <template id="portal_departure_page" name="Depature Portal Template" inherit_id="portal.portal_sidebar" primary="True">
        <xpath expr="//div[hasclass('o_portal_sidebar')]" position="inside">
          <div class="row mt16 o_portal_departure_sidebar">
            <t t-call="portal.portal_record_sidebar">
              <t t-set="classes" t-value="'col-lg-auto d-print-none'"/>
              <t t-set="entries">
                  <ul class="list-group list-group-flush flex-wrap flex-row flex-lg-column">
                      <li class="list-group-item flex-grow-1">
                          <div class="o_download_pdf btn-toolbar flex-sm-nowrap">
                              <div class="btn-group  flex-grow-1 mr-1 mb-1">
                                  <a t-att-href="'/my/departure/report/download'" class="btn btn-secondary btn-block o_download_btn text-white">
                                      <i class="fa fa-download"/> Download
                                  </a>
                              </div>
                          </div>
                      </li>

                  </ul>
              </t>
            </t>

            <div id="departure_content" class="col-22 col-lg-22">
                <t t-if="error or warning" t-call="departure.portal_departure_error"/>
                    <t t-if="success and (not error and not warning)" t-call="departure.portal_departure_success"/>
                    <div class="o_portal_html_view shadow p-3">
                        <div id="departure_html" class="mt8 mb8" width="100%" height="100%">
                        <div class="page">
                            <div class ="oe_structure"/>
                            <h3 class="text-center" style="font-weight: bold;">Departure Report</h3>
                            <div class="" style="display: -webkit-box; -webkit-box-align: center;">
                                <img width="200" height="200" t-if="company['logo']" t-att-src="image_data_uri(company['logo'])" alt="Logo"/>
                                <span t-if="company['company_details']" t-esc="company['company_details']"/>
                            </div>

                            <div style=" display: -webkit-box; -webkit-box-pack: justify; position: relative">
                                <div>
                                       <!-- Date From To -->
                                  <div style="position: absolute; bottom: 0; right: 0;">
                                    <div style="width: 300px; display: -webkit-box; -webkit-box-pack: justify">
                                      <strong style="text-align: right;">Date : </strong>
                                      <div class="" style="width: 200px; text-align: right;">
                                        <t t-if="data['date_from']">
                                            <span t-esc="data['date_from']" t-options='{"widget": "date","format": "dd-MM-yyyy"}' style="padding-right: 2px;"/>
                                        </t> -
                                        <t t-if="data['date_to']">
                                            <span t-esc="data['date_to']" t-options='{"widget": "date","format": "dd-MM-yyyy"}'/>
                                        </t>
                                      </div>
                                    </div>
                                    <div style="width: 300px; display: -webkit-box; -webkit-box-pack: justify">
                                        <strong style="text-align: right;">Printed Date :</strong>
                                        <div class="" style="width: 200px; text-align: right;">
                                          <span style="-webkit-align-self: flex-end;" t-esc="data['report_date']" t-options='{"widget": "date","format": "dd-MM-yyyy"}'/>
                                        </div>
                                    </div>
                                  </div>
                                </div>
                            </div>
                        </div>
                        <table class="table table-sm">
                            <thead>
                                <tr style="font-weight: bold;">
                                    <th>Room No.</th>
                                    <th>Reg No.</th>
                                    <th>Guest Name</th>
                                    <th>Agent</th>
                                    <th>Arrival</th>
                                    <th>Departure</th>
                                    <th>Adult</th>
                                    <th>Child</th>
                                    <th>Room Night</th>
                                    <th>Rate Type</th>
                                    <th>Nationality</th>
                                    <th>Remark</th>
                                </tr>
                            </thead>
                            <t t-foreach="lines['dp']" t-as="line">
                                <tr>
                                    <td><span t-esc="line.get('room_no')"/></td>
                                    <td><span t-esc="line.get('regno')"/></td>
                                    <td><span t-esc="line.get('guest_name')"/></td>
                                    <td><span t-esc="line.get('agent')"/></td>
                                    <td><span t-esc="line.get('arrival')" t-options='{"widget": "date","format": "dd-MM-yyyy"}'/></td>
                                    <td><span t-esc="line.get('departure')" t-options='{"widget": "date","format": "dd-MM-yyyy"}'/></td>
                                    <td><span t-esc="line.get('Adult')"/></td>
                                    <td><span t-esc="line.get('Child')"/></td>
                                    <td><span t-esc="line.get('RoomNight')"/></td>
                                    <td><span t-esc="line.get('ratetype')"/></td>
                                    <td><span t-esc="line.get('Nationality')"/></td>
                                    <td><span t-esc="line.get('remark')"/></td>
                                </tr>
                            </t>
                        </table>
                    </div>
                </div>
            </div>
          </div>
        </xpath>
    </template>
</odoo>
