<?xml version="1.0" encoding="utf-8"?>
<odoo>

    <template id="portal_guest_in_house_page" name="Guest In House Portal Template" inherit_id="portal.portal_sidebar" primary="True">
        <xpath expr="//div[hasclass('o_portal_sidebar')]" position="inside">
            <div class="row mt16 o_portal_guest_in_house_sidebar">
                <t t-call="portal.portal_record_sidebar">
                    <t t-set="classes" t-value="'col-lg-auto d-print-none'"/>
      
                    <t t-set="entries">
                        <ul class="list-group list-group-flush flex-wrap flex-row flex-lg-column">
                            <li class="list-group-item flex-grow-1">
                                <div class="o_download_pdf btn-toolbar flex-sm-nowrap">
                                    <div class="btn-group  flex-grow-1 mr-1 mb-1">
                                        <a t-att-href="'/my/guest_in_house/report/download'" class="btn btn-secondary btn-block o_download_btn text-white p-3">
                                            <i class="fa fa-download"/> Download PDF
                                        </a>
                                    </div>
<!--                                    <div class="btn-group  flex-grow-1 mr-1 mb-1">-->
<!--                                        <a t-att-href="'/my/guest_in_house/report/download_xlsx'" class="btn btn-secondary btn-block o_download_btn text-white p-3">-->
<!--                                            <i class="fa fa-download"/> Download XLSX-->
<!--                                        </a>-->
<!--                                    </div>-->
                                </div>
                            </li>
                        </ul>
                    </t>
                </t>

                <div id="guest_in_house_content" class="col-22 col-lg-22">
                    <t t-if="error or warning" t-call="guest_in_house.portal_guest_in_house_error"/>
                    <t t-if="success and (not error and not warning)" t-call="guest_in_house.portal_guest_in_house_success"/>

                    <div class="o_portal_html_view shadow p-3">
                        <div id="guest_in_house_html" class="mt8 mb8" width="100%" height="100%">
                            <t t-set="selection_field_labels" t-value="{
                                'byroom': 'By Room',
                                'police': 'Police',
                                'immigration': 'Immigration',
                                'iall': 'Immigration for All',
                                'local': 'Local',
                                'foreigner': 'Foreigner',}"
                            />

                            <div class="page">
                                <div class ="oe_structure"/>
                                <t t-if="data['report_type']=='immigration'">
                                    <h3 class="text-center" style="font-weight: bold;">Immigration Report :
                                        <span style="-webkit-align-self: flex-end;" t-esc="selection_field_labels.get(data['national'])"/></h3>
                                </t>
                                <t t-if="data['report_type']=='police'">
                                    <h3 class="text-center" style="font-weight: bold;">Police REPORT :
                                        <span style="-webkit-align-self: flex-end;" t-esc="selection_field_labels.get(data['national'])"/>
                                    </h3>
                                </t>
                                    <t t-if="data['report_type']=='iall'">
                                    <h3 class="text-center" style="font-weight: bold;">Immigration Report For All
                                    </h3>
                                    </t>
                                <t t-if="data['report_type']=='byroom'">
                                    <h3 class="text-center" style="font-weight: bold;">Guest In House Report By Room</h3>
                                </t>
            
                                <div class="" style="display: -webkit-box;">
                                    <div>
                                        <img width="200" height="200" t-if="company['logo']" t-att-src="image_data_uri(company['logo'])" alt="Logo"/>
                                    </div>
                                    <div class="mx-3 py-5">
                                        <span t-if="company['company_details']" t-esc="company['company_details']"/>
                                    </div>
                                </div>

                                <div style=" display: -webkit-box; -webkit-box-pack: justify; position: relative">
                                    <!-- Other Info -->
                                    <div>
                                        <div>
                                            <t t-if="data['type_reservation']=='agent'">
                                                <t t-if="data['agent']==false">
                                                    <div style="width: 160px; display: -webkit-box; -webkit-box-pack: justify">
                                                        <strong style="text-align: right;">Agent :</strong>
                                                        <div class="" style="text-align: right;">
                                                            <span style="-webkit-align-self: flex-end;">All Agents</span>
                                                        </div>
                                                    </div>
                                                </t>
                                                <t t-else="">
                                                    <div style="width: 160px; display: -webkit-box; -webkit-box-pack: justify">
                                                        <strong style="text-align: right;">Agent :</strong>
                                                        <div class="" style="text-align: right;">
                                                            <span style="-webkit-align-self: flex-end;" t-esc="data['agent'][1]"/>
                                                        </div>
                                                    </div>
                                                </t>
                                            </t>
                                            <t t-elif="data['type_reservation']=='group'">
                                                <t t-if="data['group']==false">
                                                    <div style="width: 160px; display: -webkit-box; -webkit-box-pack: justify">
                                                        <strong style="text-align: right;">Group :</strong>
                                                        <div class="" style="text-align: right;">
                                                            <span style="-webkit-align-self: flex-end;">All Groups</span>
                                                        </div>
                                                    </div>
                                                </t>
                                                <t t-else="">
                                                    <div style="width: 160px; display: -webkit-box; -webkit-box-pack: justify">
                                                        <strong style="text-align: right;">Group :</strong>
                                                        <div class="" style="text-align: right;">
                                                            <span style="-webkit-align-self: flex-end;"  t-esc="data['group'][1]"/>
                                                        </div>
                                                    </div>
                                                </t>
                                            </t>
                                            <t t-elif="data['type_reservation']=='company'">
                                                <t t-if="data['company']==false">
                                                    <div style="width: 160px; display: -webkit-box; -webkit-box-pack: justify">
                                                        <strong style="text-align: right;">Company :</strong>
                                                        <div class="" style="text-align: right;">
                                                            <span style="-webkit-align-self: flex-end;">All Company</span>
                                                        </div>
                                                    </div>
                                                </t>
                                                <t t-else="">
                                                    <div style="width: 160px; display: -webkit-box; -webkit-box-pack: justify">
                                                        <strong style="text-align: right;">Company :</strong>
                                                        <div class="" style="text-align: right;">
                                                            <span style="-webkit-align-self: flex-end;" t-esc="data['company'][1]"/>
                                                        </div>
                                                    </div>
                                                </t>
                                            </t>
                                        </div>
                                        <!-- Pax -->
                                        <div style="width: 160px; display: -webkit-box; -webkit-box-pack: justify">
            
                                            <strong style="text-align: right;">Pax :</strong>
                                            <div class="" style="width: 60px; text-align: right;">
                                                <span style="-webkit-align-self: flex-end;" t-esc="len(lines['reservation'])"/>
                                            </div>
                                        </div>
                                        <!-- Total Rooms -->
                                        <div style="width: 160px; display: -webkit-box; -webkit-box-pack: justify">
                                            <strong style="text-align: right;">Total Room :</strong>
                                            <div class="" style="width: 60px; text-align: right;">
                                                <span style="-webkit-align-self: flex-end;" t-esc="lines['total']"/>
                                            </div>
                                        </div>
                                    </div>
                                    <!-- Print Date -->
                                    <div style="position: absolute; bottom: 0; right: 0;">
                                        <div style="width: 200px; display: -webkit-box; -webkit-box-pack: justify">
                                            <strong style="text-align: right;">Printed Date :</strong>
                                            <div class="" style="width: 100px; text-align: right;">
                                                <span style="-webkit-align-self: flex-end;" t-esc="data['choose_date']" t-options='{"widget": "date","dataat": "dd-MM-yyyy"}'/>
                                            </div>
                                        </div>
                                    </div>
                                </div>
                                <!-- EEEEEEEEEEEEEE -->
                            </div>
            
                            <t t-if="data['report_type'] == 'byroom'">
                                <table class="table table-sm">
                                    <thead>
                                        <tr style="font-weight: bold;">
                                            <th>Room No.</th>
                                            <th>Guest Name</th>
                                            <th>Arrival </th>
                                            <th>Departure</th>
                                            <th>Agent</th>
                                            <th>Group</th>
                                            <th>Company</th>
                                            <th>Nationality</th>
                                        </tr>
                                    </thead>
                                    <t t-foreach="lines['reservation']" t-as="line">
                                        <tr>
                                            <td>
                                                <span t-esc="line.get('room_no')"/>
                                            </td>
                                            <td>
                                                <span t-esc="line.get('guest_name')"/>
                                            </td>
                                            <td>
                                                <span t-esc="line.get('arrival')" t-options='{"widget": "date","dataat": "dd-MM-yyyy"}'/>
                                            </td>
                                            <td>
                                                <span t-esc="line.get('departure')" t-options='{"widget": "date","dataat": "dd-MM-yyyy"}'/>
                                            </td>
                                            <td>
                                                <span t-esc="line.get('agent_id')"/>
                                            </td>
                                            <td>
                                                <span t-esc="line.get('group_id')"/>
                                            </td>
                                            <td>
                                                <span t-esc="line.get('company_id')"/>
                                            </td>
                                            <td>
                                                <span t-esc="line.get('national')"/>
                                            </td>
                                        </tr>
                                    </t>
                                </table>
                            </t>
                            
                            <t t-if="data['report_type'] == 'immigration'">
                                <table class="table table-sm">
                                    <thead>
                                        <tr style="font-weight: bold;">
                <!--                            <th>No.</th>-->
                                        <th>Room No.</th>
                                        <th>Guest Name</th>
                                        <th>Date Of Birth</th>
                                        <th>Age</th>
                                        <th>Sex</th>
                                        <th>Father</th>
                                        <th>ID/ Passport</th>
                                        <th>Visa No.</th>
                                        <th>Nationality</th>
<!--                                        <th>Address</th>-->
                                        <th>Arrival</th>
                                        <th>Departure</th>
                                        <th>Stay Periods</th>
                                        </tr>
                                    </thead>
            
                                    <t t-foreach="lines['reservation']" t-as="line">
                                        <tr>
                                            <td><span t-esc="line.get('room_no')"/></td>
                                            <td><span t-esc="line.get('guest_name')"/></td>
                                            <td><span t-esc="line.get('dob')"/></td>
                                            <td><span t-esc="line.get('age')"/></td>
                                            <td><span t-esc="line.get('sex')"/></td>
                                            <td><span t-esc="line.get('father')"/></td>
                                            <td><span t-esc="line.get('id')"/></td>
                                            <td><span t-esc="line.get('Visa')"/></td>
                                            <td><span t-esc="line.get('national')"/></td>
<!--                                            <td><span t-esc="line.get('address')"/></td>-->
                                            <td><span t-esc="line.get('arrival')" t-options='{"widget": "date","dataat": "dd-MM-yyyy"}'/></td>
                                            <td><span t-esc="line.get('departure')" t-options='{"widget": "date","dataat": "dd-MM-yyyy"}'/></td>
                                            <td><span t-esc="line.get('sp')"/></td>
                                        </tr>
                                    </t>
                                </table>
                            </t>
            
                            <t t-if="data['report_type'] == 'iall'">
                                <table class="table table-sm">
                                    <thead>
                                        <tr style="font-weight: bold;">
                <!--                            <th>No.</th>-->
                                        <th>Room No.</th>
                                        <th>Guest Name</th>
                                        <th>Date Of Birth</th>
                                        <th>Age</th>
                                        <th>Sex</th>
                                        <th>Father</th>
                                        <th>ID/ Passport</th>
                                        <th>Visa No.</th>
                                        <th>Nationality</th>
<!--                                        <th>Address</th>-->
                                        <th>Arrival</th>
                                        <th>Departure</th>
                                        <th>Stay Periods</th>
                                        </tr>
                                    </thead>
                                    <t t-foreach="lines['reservation']" t-as="line">
                                        <tr>
                                            <td><span t-esc="line.get('room_no')"/></td>
                                            <td><span t-esc="line.get('guest_name')"/></td>
                                            <td><span t-esc="line.get('dob')"/></td>
                                            <td><span t-esc="line.get('age')"/></td>
                                            <td><span t-esc="line.get('sex')"/></td>
                                            <td><span t-esc="line.get('father')"/></td>
                                            <td><span t-esc="line.get('id')"/></td>
                                            <td><span t-esc="line.get('Visa')"/></td>
                                            <td><span t-esc="line.get('national')"/></td>
<!--                                            <td><span t-esc="line.get('address')"/></td>-->
                                            <td><span t-esc="line.get('arrival')" t-options='{"widget": "date","dataat": "dd-MM-yyyy"}'/></td>
                                            <td><span t-esc="line.get('departure')" t-options='{"widget": "date","dataat": "dd-MM-yyyy"}'/></td>
                                            <td><span t-esc="line.get('sp')"/></td>
                                        </tr>
                                    </t>
                                </table>
                            </t>
            
                            <t t-if="data['report_type'] == 'police'">
                                <table class="table table-sm">
                                    <thead>
                                        <tr style="font-weight: bold;">
                <!--                            <th>No.</th>-->
                                        <th>Room No.</th>
                                        <th>Guest Name</th>
                                        <th>Date Of Birth</th>
                                        <th>Age</th>
                                        <th>Sex</th>
                                        <th>Father</th>
                                        <th>ID/ Passport</th>
                                        <th>Visa No.</th>
                                        <th>Nationality</th>
<!--                                        <th>Address</th>-->
                                        <th>Arrival</th>
                                        <th>Departure</th>
                                        <th>Stay Periods</th>
                                        </tr>
                                    </thead>
            
                                    <t t-foreach="lines['reservation']" t-as="line">
                                        <tr>
                                            <td><span t-esc="line.get('room_no')"/></td>
                                            <td><span t-esc="line.get('guest_name')"/></td>
                                            <td><span t-esc="line.get('dob')"/></td>
                                            <td><span t-esc="line.get('age')"/></td>
                                            <td><span t-esc="line.get('sex')"/></td>
                                            <td><span t-esc="line.get('father')"/></td>
                                            <td><span t-esc="line.get('id')"/></td>
                                            <td><span t-esc="line.get('Visa')"/></td>
                                            <td><span t-esc="line.get('national')"/></td>
<!--                                            <td><span t-esc="line.get('address')"/></td>-->
                                            <td><span t-esc="line.get('arrival')" t-options='{"widget": "date","dataat": "dd-MM-yyyy"}'/></td>
                                            <td><span t-esc="line.get('departure')" t-options='{"widget": "date","dataat": "dd-MM-yyyy"}'/></td>
                                            <td><span t-esc="line.get('sp')"/></td>
                                        </tr>
                                    </t>
                                </table>
                            </t>
                        </div>
                    </div>
                </div>
            </div>
        </xpath>
    </template>

</odoo>
