<?xml version="1.0" encoding="utf-8"?>
<odoo>

    <template id="portal_guest_ledger_page" name="Guest Ledger Portal Template" inherit_id="portal.portal_sidebar" primary="True">
        <xpath expr="//div[hasclass('o_portal_sidebar')]" position="inside">
            <div class="row mt16 o_portal_guest_ledger_sidebar">
                <t t-call="portal.portal_record_sidebar">
                    <t t-set="classes" t-value="'col-lg-auto d-print-none'"/>

                    <t t-set="entries">
                        <ul class="list-group list-group-flush flex-wrap flex-row flex-lg-column">
                            <li class="list-group-item flex-grow-1">
                                <div class="o_download_pdf btn-toolbar flex-sm-nowrap">
                                    <div class="btn-group  flex-grow-1 mr-1 mb-1">
                                        <a t-att-href="'/my/guest_ledger/report/download'" class="btn btn-secondary btn-block o_download_btn text-white">
                                            <i class="fa fa-download"/> Download
                                        </a>
                                    </div>
                                </div>
                            </li>

                        </ul>
                    </t>
                </t>

                <div id="guest_ledger_content" class="col-22 col-lg-22">
                    <t t-if="error or warning" t-call="guest_ledger.portal_guest_ledger_error"/>
                    <t t-if="success and (not error and not warning)" t-call="guest_ledger.portal_guest_ledger_success"/>

                    <div class="o_portal_html_view shadow p-3">
                        <div id="guest_ledger_html" class="mt8 mb8" width="100%" height="100%">
                            <t t-set="selection_field_labels" t-value="{
                            'summary': '(Summary)',
                            'detail': '(Detail)',
                            'all': 'All In-House Guest',
                            'departure': 'By Departure Date',
                            'pos': 'POS',
                            'restaurant': 'Restaurant',
                            'day': 'Day Use',
                            'payment': 'Payment',
                            'night': 'Night Audit',
                            'package': 'Package',
                            'deposit': 'Deposit',
                            'discount': 'Discount',}"
                            />

                            <div class="page">
                                <div class ="oe_structure"/>
                                <h3 class="text-center" style="font-weight: bold;">Guest Ledger Listing :
                                    <span style="-webkit-align-self: flex-end;" t-esc="selection_field_labels.get(data['report_format'])"/>
                                    <span style="-webkit-align-self: flex-end;" t-esc="selection_field_labels.get(data['report_type'])"/>
                                </h3>
                                <div class="" style="display: -webkit-box;">
                                    <div>
                                        <img width="200" height="200" t-if="company['logo']" t-att-src="image_data_uri(company['logo'])" alt="Logo"/>
                                    </div>
                                    <div class="mx-3 py-5">
                                      <span t-if="company['company_details']" t-esc="company['company_details']"/>
                                    </div>
                                </div>
                                <div class="" style="display: -webkit-box;-webkit-box-pack: end;">
                                    <div>
                                        <div style="width: 300px; display: -webkit-box; -webkit-box-pack: justify">
                                            <t t-if="data['date_to']">
                                                <strong style="text-align: right;">Departure Date : </strong>
                                                <div class="" style="width:150px; text-align: right;">
                                                    <span t-esc="data['date_to']" t-options='{"widget": "date","format": "dd-MM-yyyy"}'/>
                                                </div>
                                            </t>
                                        </div>
                                        <div style="width: 300px; display: -webkit-box; -webkit-box-pack: justify">
                                            <strong style="text-align: right;">Printed Date :</strong>
                                            <div class="" style="width: 200px; text-align: right;">
                                                <span style="-webkit-align-self: flex-end;" t-esc="data['report_date']" t-options='{"widget": "date","format": "dd-MM-yyyy"}'/>
                                            </div>
                                        </div>
                                    </div>
                                </div>
                            </div>
                            <t t-if="data['report_type'] == 'summary'">

                              <table class="table table-sm">
                                    <thread>
                                        <tr style="font-weight: bold;">
                                          <th class="text-left"  style="font-weight: bold;">Reg. No.</th>
                                          <th class="text-left"  style="font-weight: bold;">Room No.</th>
                                          <th class="text-left"  style="font-weight: bold;">Guest Name</th>
                                          <th class="text-left"  style="font-weight: bold;">Agent</th>
                                          <th class="text-left"  style="font-weight: bold;">Remark</th>
                                          <th class="text-right" style="font-weight: bold;">Total Amount</th>
                                          <th class="text-right" style="font-weight: bold;">Paid Amount</th>
                                          <th class="text-right" style="font-weight: bold;">Net Amount</th>
                                        </tr>
                                    </thread>
                                    <tbody>
                                        <t t-foreach="lines['summary_lines']" t-as="group">
                                                  <t t-foreach="group['lines']" t-as="line">
                                                      <tr>
                                                      <td class="text-left"><span t-esc="line.get('reg_no')"/></td>
                                                      <td class="text-left"><span t-esc="line.get('room_no')"/></td>
                                                      <td class="text-left"><span t-esc="line.get('guest_name')"/></td>
                                                      <td class="text-left"><span t-esc="line.get('agent_name')"/></td>
                                                      <td class="text-left"><span t-esc="line.get('remark')"/></td>
                                                      <td class="text-right"><span t-esc="line.get('total_amt')" t-options="{'widget': 'float', 'precision': 2}"/></td>
                                                      <td class="text-right"><span t-esc="line.get('paid_amt')" t-options="{'widget': 'float', 'precision': 2}"/></td>
                                                      <td class="text-right"><span t-esc="line.get('net_amt')" t-options="{'widget': 'float', 'precision': 2}"/></td>
                                                    </tr>
                                                  </t>
                                                    <tr class="bold-row bold-border">
                                                        <td/>
                                                        <td/>
                                                        <td/>
                                                        <td/>
                                                        <td/>
                                                        <td/>
                                                        <td class="text-right" style="font-weight: bold;"><span>Total Net Amount: </span></td>
                                                        <td class="text-right" style="font-weight: bold;"><span t-esc="group['net']" t-options="{'widget': 'float', 'precision': 2}"/></td>
                                                    </tr>
                                              </t>
                                    </tbody>
                              </table>
                            </t>

                            <t t-if="data['report_type'] == 'detail'">
                              <table class="table table-sm">
                                <thead>
                                    <tr style="font-weight: bold;">
                                       <th>Trans. Date</th>
                                       <th>Trans. No.</th>
                                       <th>Trans. Type</th>
                                       <th>Trans. Description</th>
                                       <th class="text-right">Trans Amount</th>
                                    </tr>
                                </thead>
                                <tbody>
                                    <t t-foreach="lines['detail_lines']" t-as="group">
                                        <tr>
                                            <td style="font-weight: bold;">Reg. No: <span t-esc="group['group']['reg_no']"/></td>
                                            <td colspan="2" style="font-weight: bold;">Room No. <span t-esc="group['group']['room_no']"/></td>
                                            <td style="font-weight: bold;">Guest Name: <span t-esc="group['group']['guest']"/></td>
                                            <td/>
                                        </tr>
                                        <t t-foreach="group['lines']" t-as="line">
                                            <tr>
                                              <td class="text-left" ><span t-esc="line.get('TransDate')" t-options='{"widget": "date","format": "dd-MM-yyyy"}'/></td>
                                              <td class="text-left"><span t-esc="line.get('TransNo')"/></td>
                                              <td class="text-left"><span t-esc=" selection_field_labels.get(line.get('transtype'))"/></td>
                                              <td class="text-left"><span t-esc="line.get('name')"/></td>
                                              <td class="text-right"><span t-esc="line.get('trans_price')" t-options="{'widget': 'float', 'precision': 2}"/></td>
                                            </tr >
                                        </t>
                                        <tr class="bold-row bold-border">
                                            <td/>
                                            <td/>
                                            <td/>
                                            <td class="text-left" style="font-weight: bold;">Sub Total of <span t-esc="group['group']['guest']"/></td>
                                          <td class="text-right"><span t-esc="group['net']" t-options="{'widget': 'float', 'precision': 2}"/></td>
                                        </tr>
                                    </t>
                                </tbody>
                              </table>
                            </t>
                        </div>
                    </div>
                </div>
            </div>
        </xpath>
    </template>
</odoo>