<?xml version="1.0" encoding="utf-8"?>
<odoo>

    <template id="hotelia_portal_breadcrumbs" inherit_id="portal.portal_breadcrumbs">
        <xpath expr="//ol[hasclass('o_portal_submenu')]" position="inside">
            <li t-if="page_name == 'reservations_report'" class="breadcrumb-item">Reservations / Report</li>
            <li t-if="page_name == 'transactions_report'" class="breadcrumb-item">Transactions / Report</li>
            <li t-if="page_name == 'sale_summary_report'" class="breadcrumb-item">Sale Summary / Report</li>
            <li t-if="page_name == 'guest_in_house_report'" class="breadcrumb-item">Guest In House / Report</li>
            <li t-if="page_name == 'registrations_report'" class="breadcrumb-item">Registrations / Report</li>
            <li t-if="page_name == 'rate_variant_report'" class="breadcrumb-item">Rate Variance / Report</li>
            <li t-if="page_name == 'departure_report'" class="breadcrumb-item">Departure List / Report</li>
            <li t-if="page_name == 'edeparture_report'" class="breadcrumb-item">Expected Depature List / Report</li>
            <li t-if="page_name == 'pd_report'" class="breadcrumb-item">Payment Detail / Report</li>
            <li t-if="page_name == 'year_plan_report'" class="breadcrumb-item">Year Plan / Report</li>
            <li t-if="page_name == 'cashier_summary_report'" class="breadcrumb-item">Cashier Summary / Report</li>
            <li t-if="page_name == 'guest_ledger_report'" class="breadcrumb-item">Guest Ledger Listing / Report</li>
            <li t-if="page_name == 'manager_report'" class="breadcrumb-item">Manager / Report</li>
        </xpath>
    </template>

</odoo>
