<?xml version="1.0" encoding="utf-8"?>
<odoo>

    <template id="portal_manager_page" name="Manager Portal Template" inherit_id="portal.portal_sidebar" primary="True">
        <xpath expr="//div[hasclass('o_portal_sidebar')]" position="inside">
          <div class="row mt22 o_portal_manager_sidebar">
            <t t-call="portal.portal_record_sidebar">
              <t t-set="classes" t-value="'col-lg-auto d-print-none'"/>

              <t t-set="entries">
                  <ul class="list-group list-group-flush flex-wrap flex-row flex-lg-column">
                      <li class="list-group-item flex-grow-1">
                          <div class="o_download_pdf btn-toolbar flex-sm-nowrap">
                              <div class="btn-group  flex-grow-1 mr-1 mb-1">
                                  <a t-att-href="'/my/manager/report/download'" class="btn btn-secondary btn-block o_download_btn text-white">
                                      <i class="fa fa-download"/> Download
                                  </a>
                                                         </div>
                          </div>
                      </li>

                  </ul>
              </t>
            </t>

            <div id="manager_content" class="col-22 col-lg-22">
              <t t-if="error or warning" t-call="manager.portal_manager_error"/>
              <t t-if="success and (not error and not warning)" t-call="manager.portal_manager_success"/>

              <div class="o_portal_html_view shadow p-3">
                  <div id="manager_html" class="mt8 mb8" width="100%" height="100%">
                    <t t-set="selection_field_labels" t-value="{
                    'bydate': 'By Daily',
                    'bymonth': 'By Monthly',
                    'byyear': 'By Yearly'}"/>

                    <div class="page">
          <div class ="oe_structure"/>
          <h4 class="text-center" style="font-weight: bold;">Manager Report :
           <span style="-webkit-align-self: flex-end;" t-esc="selection_field_labels.get(data['report_type'])"/></h4>
          <div class="" style="display: -webkit-box;">
            <div>
              <img width="200" height="200" t-if="company['logo']" t-att-src="image_data_uri(company['logo'])" alt="Logo"/>
            </div>
            <div class="mx-3 py-5">
              <span t-if="company['company_details']" t-esc="company['company_details']"/>
            </div>
          </div>
          <div class="" style="display: -webkit-box;-webkit-box-pack: end;">
            <div>
              <div style="width: 300px; display: -webkit-box; -webkit-box-pack: justify">
                <strong style="text-align: right;">Printed Date :</strong>
                <div class="" style="width: 200px; text-align: right;">
                  <span style="-webkit-align-self: flex-end;" t-esc="data['report_date']" t-options='{"widget": "date","format": "dd-MM-yyyy"}'/>
                </div>
              </div>
            </div>
          </div>
        </div>
                    <table class="table table-sm table-reports">
                        <t t-if="data['report_type'] == 'bymonth'">
        <thread>
                    <tr >
                      <th class="text-left"  style="font-weight: bold;">Months</th>
                      <th class="text-left" >Walk In Rooms</th>
                      <th class="text-left">Rooms With Reservation</th>
                      <th class="text-left">Arrival Rooms</th>
                      <th class="text-left">Complimentary Rooms</th>
                      <th class="text-left">House Use Rooms</th>
                      <th class="text-left">Day Use Rooms</th>
                      <th class="text-left">Agent Rooms</th>
                      <th class="text-left">Departure Rooms</th>
                      <th class="text-left">Occupied Rooms</th>
                      <th class="text-left">Arrival Guests</th>
                      <th class="text-left">Departure Guests</th>
                      <th class="text-left">% Occupancy</th>
                      <th class="text-left">% Bed Occupancy</th>
                      <th class="text-left">Average Rate/Rm. ($US)</th>
                      <th class="text-left">Average Rate/Gst. ($US)</th>
                      <th class="text-left">Average Rate/Rm. (Ks) </th>
                      <th class="text-left">Average Rate/Gst. (Ks) </th>
                      <th class="text-left">Revenue/Room (MMK)</th>
                      <th class="text-left">Total Revenue (MMK)</th>
                      <th class="text-left">Cancellation</th>
                      <th class="text-left">No Show</th>
                    </tr>
                </thread>

                    <t t-foreach="lines['month_body_arr']" t-as="line">
                    <tr>
                        <td  style="font-weight: bold;"><span t-esc="line.get('month_header')"/></td>
                      <td><span t-esc="line.get('work_in_count')"/></td>
                      <td><span t-esc="line.get('room_with_reserve')"/></td>
                      <td><span t-esc="line.get('arr_room')"/></td>
                      <td><span t-esc="line.get('com_room')"/></td>
                      <td><span t-esc="line.get('house_use')"/></td>
                      <td><span t-esc="line.get('day_use')"/></td>
                      <td><span t-esc="line.get('agent_room')"/></td>
                      <td><span t-esc="line.get('departure_room')"/></td>
                      <td><span t-esc="line.get('occupied_room')"/></td>
                      <td><span t-esc="line.get('arrival_guest')"/></td>
                      <td><span t-esc="line.get('departure_guest')"/></td>
                      <td><span t-esc="line.get('occupancy')"/></td>
                      <td><span t-esc="line.get('bed_Occupancy')"/></td>
                      <td><span t-esc="line.get('ar_room_us')" t-options="{'widget': 'float', 'precision': 2}"/></td>
                      <td><span t-esc="line.get('ar_guest_us')" t-options="{'widget': 'float', 'precision': 2}"/></td>
                      <td><span t-esc="line.get('ar_room_mmk')" t-options="{'widget': 'float', 'precision': 2}"/></td>
                      <td><span t-esc="line.get('ar_guest_mmk')" t-options="{'widget': 'float', 'precision': 2}"/></td>
                      <td><span t-esc="line.get('revenue_room_mmk')" t-options="{'widget': 'float', 'precision': 2}"/></td>
                      <td><span t-esc="line.get('total_revenue_mmk')" t-options="{'widget': 'float', 'precision': 2}"/></td>
                      <td><span t-esc="line.get('cancellation_room')"/></td>
                      <td><span t-esc="line.get('noshow_room')"/></td>
                    </tr>
                </t>
            </t>

            <t t-if="data['report_type'] == 'byyear'">
                <thread>
                    <tr  style="width: 100px; font-weight: bold;">
                      <td class="text-left"  style="font-weight: bold;">Years</td>
                      <td class="text-left">Walk In Rooms</td>
                      <td class="text-left">Rooms With Reservation</td>
                      <td class="text-left">Arrival Rooms</td>
                      <td class="text-left">Complimentary Rooms</td>
                      <td class="text-left">House Use Rooms</td>
                      <td class="text-left">Day Use Rooms</td>
                      <td class="text-left">Agent Rooms</td>
                      <td class="text-left">Departure Rooms</td>
                      <td class="text-left">Occupied Rooms</td>
                      <td class="text-left">Arrival Guests</td>
                      <td class="text-left">Departure Guests</td>
                      <td class="text-left">Occupied Guests</td>
                      <td class="text-left">% Occupancy</td>
                      <td class="text-left">% Bed Occupancy</td>
                      <td class="text-left">Average Rate/Rm. ($US)</td>
                      <td class="text-left">Average Rate/Gst. ($US)</td>
                      <td class="text-left">Average Rate/Rm. (Ks) </td>
                      <td class="text-left">Average Rate/Gst. (Ks) </td>
                      <td class="text-left">Revenue/Room (MMK)</td>
                      <td class="text-left">Total Revenue (MMK)</td>
                      <td class="text-left">Cancellation</td>
                      <td class="text-left">No Show</td>
                    </tr>
                </thread>
                <t t-foreach="lines['year_body_arr']" t-as="line">
                    <tr>
                      <td  style="font-weight: bold;"><span t-esc="line.get('yearname')"/></td>
                      <td><span t-esc="line.get('work_in_count')"/></td>
                      <td><span t-esc="line.get('room_with_reserve')"/></td>
                      <td><span t-esc="line.get('arr_room')"/></td>
                      <td><span t-esc="line.get('com_room')"/></td>
                      <td><span t-esc="line.get('house_use')"/></td>
                      <td><span t-esc="line.get('day_use')"/></td>
                      <td><span t-esc="line.get('agent_room')"/></td>
                      <td><span t-esc="line.get('departure_room')"/></td>
                      <td><span t-esc="line.get('occupied_room')"/></td>
                      <td><span t-esc="line.get('arrival_guest')"/></td>
                      <td><span t-esc="line.get('departure_guest')"/></td>
                      <td><span t-esc="line.get('occupied_guest')"/></td>
                      <td><span t-esc="line.get('occupancy')"/></td>
                      <td><span t-esc="line.get('bed_Occupancy')"/></td>
                      <td><span t-esc="line.get('ar_room_us')" t-options="{'widget': 'float', 'precision': 2}"/></td>
                      <td><span t-esc="line.get('ar_guest_us')" t-options="{'widget': 'float', 'precision': 2}"/></td>
                      <td><span t-esc="line.get('ar_room_mmk')" t-options="{'widget': 'float', 'precision': 2}"/></td>
                      <td><span t-esc="line.get('ar_guest_mmk')" t-options="{'widget': 'float', 'precision': 2}"/></td>
                      <td><span t-esc="line.get('revenue_room_mmk')" t-options="{'widget': 'float', 'precision': 2}"/></td>
                      <td><span t-esc="line.get('total_revenue_mmk')" t-options="{'widget': 'float', 'precision': 2}"/></td>
                      <td><span t-esc="line.get('cancellation_room')"/></td>
                      <td><span t-esc="line.get('noshow_room')"/></td>
                    </tr>
                </t>
            </t>

            <t t-if="data['report_type'] == 'bydate'">
                <thread>
                    <tr  style="width: 100px; font-weight: bold; " >
                      <th class="text-left">Occupancy Statistic</th>
                        <th>
                            <h6 class="text-left" style="font-weight: bold;">*** Up to
                                    <span t-esc="data['cdate']"/> ***</h6>
                        </th>
                      <th class="text-left">Walk In Rooms</th>
                      <th class="text-left">Rooms With Reservation</th>
                      <th class="text-left">Arrival Rooms</th>
                      <th class="text-left">Complimentary Rooms</th>
                      <th class="text-left">House Use Rooms</th>
                      <th class="text-left">Day Use Rooms</th>
                      <th class="text-left">Agent Rooms</th>
                      <th class="text-left">Departure Rooms</th>
                      <th class="text-left">Occupied Rooms</th>
                      <th class="text-left">Arrival Guests</th>
                      <th class="text-left">Departure Guests</th>
                      <th class="text-left">Occupied Guests</th>
                      <th class="text-left">Occupied Guests (Day Use)</th>
                      <th class="text-left">% Occupancy</th>
                      <th class="text-left">% Bed Occupancy</th>
                      <th class="text-left">Average Rate/Rm. ($US)</th>
                      <th class="text-left">Average Rate/Gst. ($US)</th>
                      <th class="text-left">Average Rate/Rm. (Ks) </th>
                      <th class="text-left">Average Rate/Gst. (Ks) </th>
                      <th class="text-left">Revenue/Room (MMK)</th>
                      <th class="text-left">Total Revenue (MMK)</th>
                      <th class="text-left">Cancellation</th>
                      <th class="text-left">No Show</th>
                    </tr>
                </thread>
                <t t-foreach="lines['day_body_arr']" t-as="line">
                    <tr style="width: 100px;">
                      <td  style="font-weight: bold;"><span t-esc="line.get('day_header')"/></td>
                        <th>
                           <td><span/></td>
                        </th>
                      <td ><span t-esc="line.get('work_in_count')"/></td>
                      <td><span t-esc="line.get('room_with_reserve')"/></td>
                      <td><span t-esc="line.get('arr_room')"/></td>
                      <td><span t-esc="line.get('com_room')"/></td>
                      <td><span t-esc="line.get('house_use')"/></td>
                      <td><span t-esc="line.get('day_use')"/></td>
                      <td><span t-esc="line.get('agent_room')"/></td>
                      <td><span t-esc="line.get('departure_room')"/></td>
                      <td><span t-esc="line.get('occupied_room')"/></td>
                      <td><span t-esc="line.get('arrival_guest')"/></td>
                      <td><span t-esc="line.get('departure_guest')"/></td>
                      <td><span t-esc="line.get('occupied_guest')"/></td>
                      <td><span t-esc="line.get('occupied_guest_du')"/></td>
                        <td><span t-esc="line.get('occupancy')"/></td>
                      <td><span t-esc="line.get('bed_Occupancy')"/></td>
                      <td><span t-esc="line.get('ar_room_us')" t-options="{'widget': 'float', 'precision': 2}"/></td>
                      <td><span t-esc="line.get('ar_guest_us')" t-options="{'widget': 'float', 'precision': 2}"/></td>
                      <td><span t-esc="line.get('ar_room_mmk')" t-options="{'widget': 'float', 'precision': 2}"/></td>
                      <td><span t-esc="line.get('ar_guest_mmk')" t-options="{'widget': 'float', 'precision': 2}"/></td>
                      <td><span t-esc="line.get('revenue_room_mmk')" t-options="{'widget': 'float', 'precision': 2}"/></td>
                      <td><span t-esc="line.get('total_revenue_mmk')" t-options="{'widget': 'float', 'precision': 2}"/></td>
                      <td><span t-esc="line.get('cancellation_room')"/></td>
                      <td><span t-esc="line.get('noshow_room')"/></td>
                    </tr>
                </t>
            </t>


        </table>
                  </div>
              </div>
            </div>
          </div>
        </xpath>
    </template>

</odoo>
