<?xml version="1.0" encoding="utf-8"?>
<odoo>

    <template id="portal_pd_page" name="Payment Detail Portal Template" inherit_id="portal.portal_sidebar" primary="True">
        <xpath expr="//div[hasclass('o_portal_sidebar')]" position="inside">
          <div class="row mt16 o_portal_pd_sidebar">
            <t t-call="portal.portal_record_sidebar">
              <t t-set="classes" t-value="'col-lg-auto d-print-none'"/>

              <t t-set="entries">
                  <ul class="list-group list-group-flush flex-wrap flex-row flex-lg-column">
                      <li class="list-group-item flex-grow-1">
                          <div class="o_download_pdf btn-toolbar flex-sm-nowrap">
                              <div class="btn-group  flex-grow-1 mr-1 mb-1">
                                  <a t-att-href="'/my/payment_detail/report/download'" class="btn btn-secondary btn-block o_download_btn text-white">
                                      <i class="fa fa-download"/> Download
                                  </a>
                              </div>
                          </div>
                      </li>

                  </ul>
              </t>
            </t>

            <div id="pd_content" class="col-22 col-lg-22">
              <t t-if="error or warning" t-call="pd.portal_pd_error"/>
              <t t-if="success and (not error and not warning)" t-call="pd.portal_pd_success"/>

              <div class="o_portal_html_view shadow p-3">
                  <div id="pd_html" class="mt8 mb8" width="100%" height="100%">
                      <t t-set="selection_field_labels" t-value="{
                        'all': 'All',
                        'user': 'By User ID',
                        'payment': 'By Payment Type',
                        'agent': 'Agent'}"
                      />

                      <div class="page">
                        <div class ="oe_structure"/>
                        <h3 class="text-center" style="font-weight: bold;">Payment Detail Report</h3>
                        <div class="" style="display: -webkit-box; -webkit-box-align: center;">
                            <img width="200" height="200" t-if="company['logo']" t-att-src="image_data_uri(company['logo'])" alt="Logo"/>
                            <span t-if="company['company_details']" t-esc="company['company_details']"/>
                        </div>

                        <div style=" display: -webkit-box; -webkit-box-pack: justify; position: relative">

                            <div style="position: absolute; bottom: 0; right: 0;">
                                <div style="width: 300px; display: -webkit-box; -webkit-box-pack: justify">
                                      <strong style="text-align: right;">Date : </strong>
                                          <div class="" style="width: 100px; text-align: right;">
                                            <t t-if="data['date_from']">
                                              <span t-esc="data['date_from']" t-options='{"widget": "date","format": "dd-MM-yyyy"}' style="padding-right: 2px;"/>
                                            </t> -
                                            <t t-if="data['date_to']">
                                              <span t-esc="data['date_to']" t-options='{"widget": "date","format": "dd-MM-yyyy"}'/>
                                            </t>
                                          </div>
                                </div>
                                <div style="width: 300px; display: -webkit-box; -webkit-box-pack: justify">
                                    <strong style="text-align: right;">Printed Date :</strong>
                                    <div class="" style="width: 100px; text-align: right;">
                                        <span style="-webkit-align-self: flex-end;" t-esc="data['report_date']" t-options='{"widget": "date","format": "dd-MM-yyyy"}'/>
                                    </div>
                                </div>
                            </div>
                        </div>
                      </div>
                      <table class="table table-sm">
                          <thead>
                                <tr style="font-weight: bold;">
                                  <th class="text-left">Bill Date</th>
                                  <th class="text-left">Guest Name</th>
                                  <th class="text-left">Room No.</th>
                                  <th class="text-left">Bill No.</th>
                                  <th class="text-left">Payment Type</th>
                                  <th class="text-left">Currency</th>
                                  <th class="text-right">Amount</th>
                                </tr>
                          </thead>
                          <t t-foreach="lines['transaction_lines']" t-as="line">
                              <tr>
                                  <td class="text-left"><span t-esc="line.get('bdate')" t-options='{"widget": "date","format": "dd-MM-yyyy"}'/></td>
                                  <td class="text-left"><span t-esc="line.get('guestname')"/></td>
                                  <td class="text-left"><span t-esc="line.get('room')"/></td>
                                  <td class="text-left"><span t-esc="line.get('bno')"/></td>
                                  <td class="text-left"><span t-esc="line.get('ptye')"/></td>
                                  <td class="text-left"><span t-esc="line.get('currency')"/></td>
                                  <td class="text-right"><span t-esc="line.get('amount')" t-options="{'widget': 'float', 'precision': 2}"/></td>
                              </tr>

                              <tr class="bold-row bold-border">
                                  <td/>
                                  <td/>
                                  <td/>
                                  <td class="text-left" style="font-weight: bold;"><span>Sub Total For</span></td>
                                  <td class="text-left"><span t-esc="line.get('ptye')"/></td>
                                  <td class="text-left"><span t-esc="line.get('currency')"/></td>
                                  <td class="text-right"><span t-esc="line.get('amount')" t-options="{'widget': 'float', 'precision': 2}"/></td>
                              </tr>
                              <tr class="bold-row bold-border">
                                  <td/>
                                  <td/>
                                  <td/>
                                  <td class="text-left" style="font-weight: bold;"><span>Grand Total For Payment Type </span></td>
                                  <td class="text-left"><span t-esc="line.get('ptye')"/></td>
                                  <td class="text-left"><span t-esc="line.get('currency')"/></td>
                                  <td class="text-right"><span t-esc="line.get('amount')" t-options="{'widget': 'float', 'precision': 2}"/></td>
                              </tr>
                          </t>
                      </table>
                  </div>
              </div>
            </div>
          </div>
        </xpath>
    </template>

</odoo>
