<?xml version="1.0" encoding="utf-8"?>
<odoo>

    <template id="portal_registration_page" name="Registration Portal Template" inherit_id="portal.portal_sidebar" primary="True">
        <xpath expr="//div[hasclass('o_portal_sidebar')]" position="inside">
          <div class="row mt16 o_portal_registration_sidebar">
            <t t-call="portal.portal_record_sidebar">
              <t t-set="classes" t-value="'col-lg-auto d-print-none'"/>

              <t t-set="entries">
                  <ul class="list-group list-group-flush flex-wrap flex-row flex-lg-column">
                      <li class="list-group-item flex-grow-1">
                          <div class="o_download_pdf btn-toolbar flex-sm-nowrap">
                              <div class="btn-group  flex-grow-1 mr-1 mb-1">
                                  <a t-att-href="'/my/registrations/report/download'" class="btn btn-secondary btn-block o_download_btn text-white">
                                      <i class="fa fa-download"/> Download
                                  </a>

                              </div>
                          </div>
                      </li>

                  </ul>
              </t>
            </t>

            <div id="registration_content" class="col-22 col-lg-22">
              <t t-if="error or warning" t-call="registration.portal_registration_error"/>
              <t t-if="success and (not error and not warning)" t-call="registration.portal_registration_success"/>

              <div class="o_portal_html_view shadow p-3">
                  <div id="registration_html" class="mt8 mb8" width="100%" height="100%">
                    <t t-set="selection_field_labels" t-value="{
                        'registration': 'Registered',
                        'check_out': 'Check Out',
                        'cancel': 'Cancelled',
                        'transfer': 'Room Transferred'
                        }"
                    />

                    <div class="page">
                        <div class ="oe_structure"/>
                        <h3 class="text-center" style="font-weight: bold;">Registration Report</h3>
                        <div class="" style="display: -webkit-box; -webkit-box-align: center;">
                            <img width="200" height="200" t-if="company['logo']" t-att-src="image_data_uri(company['logo'])" alt="Logo"/>
                            <span t-if="company['company_details']" t-esc="company['company_details']"/>
                        </div>

                        <div style=" display: -webkit-box; -webkit-box-pack: justify; position: relative">

                            <div>
                              <t t-if="data['roomtype_ids']==false">
                                  <div style="width: 160px; display: -webkit-box; -webkit-box-pack: justify">
                                      <strong style="text-align: right;">Room Type :</strong>
                                      <div class="" style="text-align: right;">
                                          <span style="-webkit-align-self: flex-end;">All Room Type</span>
                                      </div>
                                  </div>
                              </t>
                              <t t-else="">
                                  <div style="width: 160px; display: -webkit-box; -webkit-box-pack: justify">
                                      <strong style="text-align: right;">Room Type :</strong>
                                      <div class="" style="text-align: right;">
                                          <span style="-webkit-align-self: flex-end;" t-esc="data['roomtype_ids'][1]"/>
                                      </div>
                                  </div>
                              </t>

                              <t t-if="data['date_filter']==false">
                                  <div style="width: 160px; display: -webkit-box; -webkit-box-pack: justify">
                                      <strong style="text-align: right;">Date Filter :</strong>
                                      <div class="" style="text-align: right;">
                                          <span style="-webkit-align-self: flex-end;">All Filter</span>
                                      </div>
                                  </div>
                              </t>
                              <t t-else="">
                                  <div style="width: 160px; display: -webkit-box; -webkit-box-pack: justify">
                                      <strong style="text-align: right;">Date Filter :</strong>
                                      <div class="" style="text-align: right;">
                                        <span class="text-nowrap d-block">
                                          <t t-if="data['date_filter']== 'rsvdate'">Registration Date</t>
                                          <t t-if="data['date_filter']== 'arrdate'">Arrival Date</t>
                                        </span>
                                      </div>
                                  </div>
                              </t>

                              <t t-if="data['rsv_type']==false">
                                <div style="width: 160px; display: -webkit-box; -webkit-box-pack: justify">
                                    <strong style="text-align: right;">Registartion Type :</strong>
                                    <div class="" style="text-align: right;">
                                        <span style="-webkit-align-self: flex-end;">All Type</span>
                                    </div>
                                </div>
                              </t>
                              <t t-else="">
                                <div style="width: 160px; display: -webkit-box; -webkit-box-pack: justify">
                                    <strong style="text-align: right;">Registartion Type :</strong>
                                    <div class="" style="text-align: right;">
                                        <span style="-webkit-align-self: flex-end;" t-esc="selection_field_labels.get(data['rsv_type'])"/>
                                    </div>
                                </div>
                              </t>

                              <div style="position: absolute; bottom: 0; right: 0;">
                                <div style="width: 300px; display: -webkit-box; -webkit-box-pack: justify">
                                    <strong style="text-align: right;">Date : </strong>
                                    <div class="" style="width: 200px; text-align: right;">
                                        <t t-if="data['date_from']">
                                          <span t-esc="data['date_from']" t-options='{"widget": "date","format": "dd-MM-yyyy"}' style="padding-right: 2px;"/>
                                        </t> -
                                        <t t-if="data['date_to']">
                                          <span t-esc="data['date_to']" t-options='{"widget": "date","format": "dd-MM-yyyy"}'/>
                                        </t>
                                    </div>
                                </div>
                                <div style="width: 300px; display: -webkit-box; -webkit-box-pack: justify">
                                    <strong style="text-align: right;">Printed Date :</strong>
                                    <div class="" style="width: 200px; text-align: right;">
                                      <span style="-webkit-align-self: flex-end;" t-esc="data['report_date']" t-options='{"widget": "date","format": "dd-MM-yyyy"}'/>
                                    </div>
                                </div>
                              </div>
                            </div>
                        </div>

                    </div>

                    <table class="table table-sm">
                      <thead>
                        <tr class="text-center" style="font-weight: bold;">
                          <th>Date.</th>
                          <th>Reg No.</th>
                          <th>Guest</th>
                          <th>Arrival</th>
                          <th>Departure</th>
                          <th>Room Type</th>
                          <th>Room</th>
                          <th>Status</th>
                        </tr>
                      </thead>
                      <tbody>
                          <t t-foreach="lines['registration']" t-as="line">
                            <tr>
                              <td>
                                <span t-esc="line.get('rsv_date')" t-options='{"widget": "date","format": "dd-MM-yyyy"}'/>
                              </td>
                              <td>
                                <span t-esc="line.get('name')"/>
                              </td>
                              <td>
                                <span t-esc="line.get('guest_name')"/>
                              </td>
                              <td>
                                <span t-esc="line.get('reg_arrival')" t-options='{"widget": "date","format": "dd-MM-yyyy"}'/>
                              </td>
                              <td>
                                <span t-esc="line.get('reg_departure')" t-options='{"widget": "date","format": "dd-MM-yyyy"}'/>
                              </td>
                              <td>
                                <span t-esc="line.get('reg_room_type')"/>
                              </td>
                              <td>
                                <span t-esc="line.get('reg_room_no')"/>
                              </td>
                              <td>
                                <span t-esc="selection_field_labels.get(line['Rsv_Type'])"/>
                              </td>
                            </tr>
                          </t>
                      </tbody>
                    </table>
                  </div>
              </div>
            </div>
          </div>
        </xpath>
    </template>

</odoo>
