<?xml version="1.0" encoding="utf-8"?>
<odoo>

    <template id="portal_reservation_page" name="Reservations Portal Template" inherit_id="portal.portal_sidebar" primary="True">
        <xpath expr="//div[hasclass('o_portal_sidebar')]" position="inside">
          <div class="row mt16 o_portal_reservation_sidebar">
            <t t-call="portal.portal_record_sidebar">
              <t t-set="classes" t-value="'col-lg-auto d-print-none'"/>

              <t t-set="entries">
                  <ul class="list-group list-group-flush flex-wrap flex-row flex-lg-column">
                      <li class="list-group-item flex-grow-1">
                          <div class="o_download_pdf btn-toolbar flex-sm-nowrap">
                              <div class="btn-group  flex-grow-1 mr-1 mb-1">
                                  <a t-att-href="'/my/reservations/report/download'" class="btn btn-secondary btn-block o_download_btn text-white">
                                      <i class="fa fa-download"/> Download
                                  </a>
                                  <!-- <a t-att-href="'/my'" class="btn btn-primary btn-block o_download_btn text-white">Home</a> -->
                              </div>
                          </div>
                      </li>
                      
                  </ul>
              </t>
            </t>

            <div id="reservation_content" class="col-12 col-lg">
              <t t-if="error or warning" t-call="reservation.portal_reservation_error"/>
              <t t-if="success and (not error and not warning)" t-call="reservation.portal_reservation_success"/>

              <div class="o_portal_html_view shadow p-3">
                  <div id="reservation_html" class="mt8 mb8" width="100%" height="100%">
                    <t t-set="selection_field_labels" t-value="{
                      'cancel': 'Cancelled',
                      'open': 'Open',
                      'confirmed': 'Comfirmed',
                      'waitlist': 'Waitlist',
                      'no_show': 'No Show',
                      'check_out': 'Check Out',
                      }"/>
                    
                    <div class="page">
                          <div class ="oe_structure"/>
                          <h3 class="text-center" style="font-weight: bold;">Reservation Report</h3>
                          <div class="" style="display: -webkit-box; -webkit-box-align: center;">
                            <img width="200" height="200" t-if="company['logo']" t-att-src="image_data_uri(company['logo'])" alt="Logo"/>
                            <span t-if="company['company_details']" t-esc="company['company_details']"/>
                          </div>
                          <!-- WWWWWWWWWWWWWWWWWWWW -->
                          <div style=" display: -webkit-box; -webkit-box-pack: justify; position: relative">
                            <!-- Other Info -->
                            <div>
                              <!-- Room Type    -->
                                  <t t-if="data['roomtype_ids']==false">
                                      <div style="width: 160px; display: -webkit-box; -webkit-box-pack: justify">
                                          <strong style="text-align: right;">Room Type :</strong>
                                          <div class="" style="text-align: right;">
                                              <span style="-webkit-align-self: flex-end;">All Room Type</span>
                                              <!-- <span style="-webkit-align-self: flex-end;" t-esc="len(lines['reservation'])"/> -->
                                          </div>
                                      </div>
                                  </t>
                                  <t t-else="">
                                      <div style="width: 160px; display: -webkit-box; -webkit-box-pack: justify">
                                          <strong style="text-align: right;">Room Type :</strong>
                                          <div class="" style="text-align: right;">
                                              <!-- <span style="-webkit-align-self: flex-end;">All Agents</span> -->
                                              <span style="-webkit-align-self: flex-end;" t-esc="data['roomtype_ids'][1]"/>
                                          </div>
                                      </div>
                                  </t>
                
                              <!-- Date Filter   -->
                                  <t t-if="data['date_filter']==false">
                                      <div style="width: 160px; display: -webkit-box; -webkit-box-pack: justify">
                                          <strong style="text-align: right;">Date Filter :</strong>
                                          <div class="" style="text-align: right;">
                                              <span style="-webkit-align-self: flex-end;">All Filter</span>
                                              <!-- <span style="-webkit-align-self: flex-end;" t-esc="len(lines['reservation'])"/> -->
                                          </div>
                                      </div>
                                  </t>
                                  <t t-else="">
                                      <div style="width: 160px; display: -webkit-box; -webkit-box-pack: justify">
                                          <strong style="text-align: right;">Date Filter :</strong>
                                          <div class="" style="text-align: right;">
                                            <span class="text-nowrap d-block">
                                              <t t-if="data['date_filter']== 'rsvdate'">Reservation Date</t>
                                              <t t-if="data['date_filter']== 'arrdate'">Arrival Date</t>
                                            </span>
                                          </div>
                                      </div>
                                  </t>
                
                
                              <!-- Reservation Type   -->
                              <t t-if="data['rsv_type']==false">
                                  <div style="width: 160px; display: -webkit-box; -webkit-box-pack: justify">
                                      <strong style="text-align: right;">Reservation Type :</strong>
                                      <div class="" style="text-align: right;">
                                          <span style="-webkit-align-self: flex-end;">All Type</span>
                                          <!-- <span style="-webkit-align-self: flex-end;" t-esc="len(lines['reservation'])"/> -->
                                      </div>
                                  </div>
                              </t>
                              <t t-else="">
                                  <div style="width: 160px; display: -webkit-box; -webkit-box-pack: justify">
                                      <strong style="text-align: right;">Reservation Type :</strong>
                                      <div class="" style="text-align: right;">
                                          <!-- <span style="-webkit-align-self: flex-end;">All Agents</span> -->
                                          <span style="-webkit-align-self: flex-end;" t-esc="selection_field_labels.get(data['rsv_type'])"/>
                                      </div>
                                  </div>
                              </t>
                
                              <!-- Date From To -->
                              <div style="position: absolute; bottom: 0; right: 0;">
                                <div style="width: 300px; display: -webkit-box; -webkit-box-pack: justify">
                                  <strong style="text-align: right;">Date : </strong>
                                      <div class="" style="width: 200px; text-align: right;">
                                        <t t-if="data['date_from']">
                                          <span t-esc="data['date_from']" t-options='{"widget": "date","format": "dd-MM-yyyy"}' style="padding-right: 2px;"/>
                                        </t> -
                                        <t t-if="data['date_to']">
                                          <span t-esc="data['date_to']" t-options='{"widget": "date","format": "dd-MM-yyyy"}'/>
                                        </t>
                                      </div>
                                </div>
                                    <div style="width: 300px; display: -webkit-box; -webkit-box-pack: justify">
                                    <strong style="text-align: right;">Printed Date :</strong>
                                    <div class="" style="width: 200px; text-align: right;">
                                      <span style="-webkit-align-self: flex-end;" t-esc="data['report_date']" t-options='{"widget": "date","format": "dd-MM-yyyy"}'/>
                                    </div>
                                  </div>
                              </div>
                            </div>
                          </div>
                          <!-- EEEEEEEEEEEEEE -->
                    </div>

                    <table class="table table-sm">
                      <thead>
                        <tr class="text-center">
                          <th>Date.</th>
                          <th>Rsv No.</th>
                          <th>Guest</th>
                          <th>Arrival</th>
                          <th>Departure</th>
                          <th>Room</th>
                          <th>Room Type</th>
                          <th>Status</th>
                        </tr>
                      </thead>
                      <tbody>
                        <t t-foreach="lines['reservation']" t-as="line">
                          <tr style="" class="">
                            <td>
                              <span t-esc="line.get('rsv_date')" t-options='{"widget": "date","format": "dd-MM-yyyy"}'/>
                            </td>
                            <td>
                              <span t-esc="line.get('name')"/>
                            </td>
                            <td>
                              <span t-esc="line.get('guest_name')"/>
                            </td>
                            <td>
                              <span t-esc="line.get('arrival')" t-options='{"widget": "date","format": "dd-MM-yyyy"}'/>
                            </td>
                            <td>
                              <span t-esc="line.get('departure')" t-options='{"widget": "date","format": "dd-MM-yyyy"}'/>
                            </td>
                            <td>
                              <span t-esc="line.get('room_no')"/>
                            </td>
                            <td>
                              <span t-esc="line.get('room_type')"/>
                            </td>
                            <td>
                               <span t-esc="selection_field_labels.get(line['Rsv_Type'])"/>
                            </td>
                          </tr>
                        </t>
                      </tbody>
                    </table>
                  </div>
              </div>
            </div>
          </div>
        </xpath>
    </template>

</odoo>
