<?xml version="1.0" encoding="utf-8"?>
<odoo>

    <template id="portal_sale_summary_page" name="Sale Summary Template" inherit_id="portal.portal_sidebar" primary="True">
        <xpath expr="//div[hasclass('o_portal_sidebar')]" position="inside">
            <div class="row mt16 o_portal_sale_summary_sidebar">
                <t t-call="portal.portal_record_sidebar">
                    <t t-set="classes" t-value="'col-lg-auto d-print-none'"/>
      
                    <t t-set="entries">
                        <ul class="list-group list-group-flush flex-wrap flex-row flex-lg-column">
                            <li class="list-group-item flex-grow-1">
                                <div class="o_download_pdf btn-toolbar flex-sm-nowrap">
                                    <div class="btn-group  flex-grow-1 mr-1 mb-1">
                                        <a t-att-href="'/my/sale_summary/report/download'" class="btn btn-secondary btn-block o_download_btn text-white">
                                            <i class="fa fa-download"/> Download
                                        </a>
                                        <!-- <a t-att-href="'/my'" class="btn btn-primary btn-block o_download_btn text-white">Home</a> -->
                                    </div>
                                </div>
                            </li>
                            
                        </ul>
                    </t>
                </t>

                <div id="sale_summary_content" class="col-12 col-lg">
                    <t t-if="error or warning" t-call="sale_summary.portal_sale_summary_error"/>
                    <t t-if="success and (not error and not warning)" t-call="sale_summary.portal_sale_summary_success"/>

                    <div class="o_portal_html_view shadow p-3">
                        <div id="sale_summary_html" class="mt8 mb8" width="100%" height="100%">
                            <t t-set="selection_field_labels" t-value="{
                                'paid': 'Paid',
                                'unpaid': 'Unpaid',
                                'bill': 'Detail by Bill No'}"
                            />

                            <div class="page">
                                <div class ="oe_structure"/>
                                <h3 class="text-center" style="font-weight: bold;">Sale Summary Report
                                </h3>
                                <div class="" style="display: -webkit-box;">
                                  <div>
                                    <img width="200" height="200" t-if="company['logo']" t-att-src="image_data_uri(company['logo'])" alt="Logo"/>
                                  </div>
                                  <div class="mx-3 py-5">
                                    <span t-if="company['company_details']" t-esc="company['company_details']"/>
                                  </div>
                                </div>
                                <div class="" style="display: -webkit-box;-webkit-box-pack: end;">
                                  <div>
                                    <div style="width: 300px; display: -webkit-box; -webkit-box-pack: justify">
                                      <strong style="text-align: right;">Date : </strong>
                                      <div class="" style="width: 200px; text-align: right;">
                                        <t t-if="data['date_from']">
                                          <span t-esc="data['date_from']" t-options='{"widget": "date","format": "dd-MM-yyyy"}' style="padding-right: 2px;"/>
                                        </t> -
                                        <t t-if="data['date_to']">
                                          <span t-esc="data['date_to']" t-options='{"widget": "date","format": "dd-MM-yyyy"}'/>
                                        </t>
                                      </div>
                                    </div>
                                    <div style="width: 300px; display: -webkit-box; -webkit-box-pack: justify">
                                      <strong style="text-align: right;">Printed Date :</strong>
                                      <div class="" style="width: 200px; text-align: right;">
                                        <span style="-webkit-align-self: flex-end;" t-esc="data['report_date']" t-options='{"widget": "date","format": "dd-MM-yyyy"}'/>
                                      </div>
                                    </div>
                                  </div>
                                </div>
                            </div>
                      
                            <table class="table table-condensed">
                    
                                    <thead>
                                        <tr>
                                        <th class="text-left">Transactions</th>
                                        <th class="text-left">Status</th>
                                        <th class="text-left">Currency</th>
                                        <th class="text-right">Sales</th>
                                        <th class="text-right">Tax</th>
                                        <th class="text-right">Service</th>
                                        <th class="text-right">Discount</th>
                                        <th class="text-right">Net Amount</th>
                                        <t t-if="data['report_type'] != 'type'"><th class="text-right">User</th> </t>
                                        </tr>
                                    </thead>
                                    <t t-foreach="lines['transaction_lines']" t-as="line">
                    
                                            <tr>
                                            <td class="text-left">
                                                <span t-esc="line.get('transaction')"/>
                                            </td>
                                            <td class="text-left">
                                                <span t-esc="selection_field_labels.get(line.get('status'))"/>
                                            </td>
                                            <td class="text-right">
                                                <span t-esc="line.get('trans_currency')"/>
                                            </td>
                                            <td class="text-right">
                                                <span t-esc="line.get('trans_price')" t-options="{'widget': 'float', 'precision': 2}"/>
                                            </td>
                                            <td class="text-right">
                                                <span t-esc="line.get('tax')" t-options="{'widget': 'float', 'precision': 2}"/>
                                            </td>
                                            <td class="text-right">
                                                <span t-esc="line.get('service')" t-options="{'widget': 'float', 'precision': 2}"/>
                                            </td>
                                            <td class="text-right">
                                                <span t-esc="line.get('discount')" t-options="{'widget': 'float', 'precision': 2}"/>
                                            </td>
                                            <td class="text-right">
                                                <span t-esc="line.get('base_amount')" t-options="{'widget': 'float', 'precision': 2}"/>
                                            </td>
                                            <t t-if="data['report_type'] != 'type'"><td><span t-esc="line.get('user')"/></td> </t>
                                            </tr>
                                    </t>
                                        <tr class="bold-row bold-border">
                                            <td class="text-left">
                                                <span>Sales Amount</span>
                                            </td>
                                            <td/>
                                            <td/>
                                            <td/>
                                            <td/>
                                                <td/>
                                                <td/>
                                            <td class="text-right">
                                                <span t-esc="lines['sales']" t-options="{'widget': 'float', 'precision': 2}"/>
                                            </td>
                                                <t t-if="data['report_type'] != 'type'"><td></td> </t>
                                        </tr>
                                        <tr class="bold-row bold-border">
                                            <td class="text-left">
                                                <span>Receipts Amount</span>
                                            </td>
                                            <td/>
                                            <td/>
                                            <td/>
                                            <td/>
                                                <td/>
                                                <td/>
                                            <td class="text-right">
                                                <span t-esc="lines['receipt']" t-options="{'widget': 'float', 'precision': 2}"/>
                                            </td>
                                                <t t-if="data['report_type'] != 'type'"><td></td> </t>
                                        </tr>
                    
                            </table>
                        </div>
                    </div>
                </div>
            </div>
        </xpath>
    </template>

</odoo>