<?xml version="1.0" encoding="utf-8"?>
<odoo>

    <template id="portal_yp_page" name="Year Plan Portal Template" inherit_id="portal.portal_sidebar" primary="True">
        <xpath expr="//div[hasclass('o_portal_sidebar')]" position="inside">
          <div class="row mt16 o_portal_yp_sidebar">
            <t t-call="portal.portal_record_sidebar">
              <t t-set="classes" t-value="'col-lg-auto d-print-none'"/>

              <t t-set="entries">
                  <ul class="list-group list-group-flush flex-wrap flex-row flex-lg-column">
                      <li class="list-group-item flex-grow-1">
                          <div class="o_download_pdf btn-toolbar flex-sm-nowrap">
                              <div class="btn-group  flex-grow-1 mr-1 mb-1">
                                  <a t-att-href="'/my/year_plan/report/download'" class="btn btn-secondary btn-block o_download_btn text-white">
                                      <i class="fa fa-download"/> Download
                                  </a>
                              </div>
                          </div>
                      </li>

                  </ul>
              </t>
            </t>

            <div id="yp_content" class="col-12 col-lg-12">
              <t t-if="error or warning" t-call="yp.portal_yp_error"/>
              <t t-if="success and (not error and not warning)" t-call="yp.portal_yp_success"/>

              <div class="o_portal_html_view shadow p-3">
                  <div id="yp_html" class="mt8 mb8" width="100%" height="100%">
                      <t t-set="selection_field_labels" t-value="{
                    'bydate': 'By Daily',
                    'bymonth': 'By Monthly',
                    'byyear': 'By Yearly'}"/>
                                        <div class="page">
          <div class ="oe_structure"/>
          <h3 class="text-center" style="font-weight: bold;">Year Plan Report</h3>
          <div class="" style="display: -webkit-box; -webkit-box-align: center;">
            <img width="200" height="200" t-if="company['logo']" t-att-src="image_data_uri(company['logo'])" alt="Logo"/>
            <span t-if="company['company_details']" t-esc="company['company_details']"/>
          </div>

                    <div class="" style="display: -webkit-box;-webkit-box-pack: end;">
            <div>
              <div>
              <div style="width: 300px; display: -webkit-box; -webkit-box-pack: justify">
                <strong style="text-align: right;">D = Definite</strong>
              </div>
            </div>
            <div>
              <div style="width: 300px; display: -webkit-box; -webkit-box-pack: justify">
                <strong style="text-align: right;">T = Tentative</strong>
              </div>
            </div>
              <div style="width: 300px; display: -webkit-box; -webkit-box-pack: justify">
                <strong style="text-align: right;">Printed Date :</strong>
                <div class="" style="width: 200px; text-align: right;">
                  <span style="-webkit-align-self: flex-end;" t-esc="data['report_date']" t-options='{"widget": "date","format": "dd-MM-yyyy"}'/>
                </div>
              </div>
            </div>


          </div>
        </div>
<!--        <table class="table table-sm table-reports">-->
        <table class="table table-sm table-bordered">
                  <thead>
                    <tr>
                        <th style="text-align: center; width: 8.33%;" t-esc="data['year']"/>
                        <th style="text-align: center; width: 8.33%;" colspan="2">January</th>
                        <th style="text-align: center; width: 8.33%;" colspan="2">February</th>
                        <th style="text-align: center; width: 8.33%;" colspan="2">March</th>
                        <th style="text-align: center; width: 8.33%;" colspan="2">April</th>
                        <th style="text-align: center; width: 8.33%;" colspan="2">May</th>
                        <th style="text-align: center; width: 8.33%;" colspan="2">June</th>
                        <th style="text-align: center; width: 8.33%;" colspan="2">July</th>
                        <th style="text-align: center; width: 8.33%;" colspan="2">August</th>
                        <th style="text-align: center; width: 8.33%;" colspan="2">September</th>
                        <th style="text-align: center; width: 8.33%;" colspan="2">October</th>
                        <th style="text-align: center; width: 8.33%;" colspan="2">November</th>
                        <th style="text-align: center; width: 8.33%;" colspan="2">December</th>
                    </tr>
                      <tr>
                          <td></td>
                          <td style="text-align: center;">D</td><td style="text-align: center;">T</td>
                          <td style="text-align: center;">D</td><td style="text-align: center;">T</td>
                          <td style="text-align: center;">D</td><td style="text-align: center;">T</td>
                          <td style="text-align: center;">D</td><td style="text-align: center;">T</td>
                          <td style="text-align: center;">D</td><td style="text-align: center;">T</td>
                          <td style="text-align: center;">D</td><td style="text-align: center;">T</td>
                          <td style="text-align: center;">D</td><td style="text-align: center;">T</td>
                          <td style="text-align: center;">D</td><td style="text-align: center;">T</td>
                          <td style="text-align: center;">D</td><td style="text-align: center;">T</td>
                          <td style="text-align: center;">D</td><td style="text-align: center;">T</td>
                          <td style="text-align: center;">D</td><td style="text-align: center;">T</td>
                          <td style="text-align: center;">D</td><td style="text-align: center;">T</td>
                      </tr>
                </thead>
            <t t-foreach="lines['day']" t-as="line">
                <tr>
                    <t t-if="line.get('header') != 'header'">
                        <td style="font-weight: bold; text-align: center; width: auto;"><span t-esc="line.get('header')"/></td>
                        <t t-foreach="line['month']" t-as="m">
                              <td style="font-weight: bold; text-align: right;"><span t-esc="m.get('definite')"/></td>
                              <td style="font-weight: bold; text-align: right;"><span t-esc="m.get('tentative')"/></td>
                        </t>
                    </t>
                </tr>
            </t>
            <tr>
                <td style="font-weight: bold; width: auto;"><span>Total</span></td>
                <t t-foreach="lines['total']" t-as="t">
                    <td style="text-align: right; font-weight: bold;"><span t-esc="t.get('total_definite')"/></td>
                    <td style="text-align: right; font-weight: bold;"><span t-esc="t.get('total_tentative')"/></td>
                </t>
            </tr>
            <tr>
                <td style="font-weight: bold; width: auto;"><span>Min D</span></td>
                <t t-foreach="lines['total']" t-as="t">
                    <td style="text-align: right; font-weight: bold;" colspan="2"><span t-esc="t.get('MinD')"/></td>
                </t>
            </tr>
            <tr>
                <td style="font-weight: bold; width: auto;"><span>Min DT</span></td>
                <t t-foreach="lines['total']" t-as="t">
                    <td style="text-align: right; font-weight: bold;" colspan="2"><span t-esc="t.get('MinDT')"/></td>
                </t>
            </tr>
            <tr>
                <td style="font-weight: bold; width: auto;"><span>% Def</span></td>
                <t t-foreach="lines['total']" t-as="t">
                    <td style="text-align: right; font-weight: bold;" colspan="2"><span t-esc="t.get('Def')" t-options="{'widget': 'float', 'precision': 2}"/></td>
                </t>
            </tr>
            <tr>
                <td style="font-weight: bold; width: auto;"><span>% DT</span></td>
                <t t-foreach="lines['total']" t-as="t">
                    <td style="text-align: right; font-weight: bold;" colspan="2"><span t-esc="t.get('DplusT')" t-options="{'widget': 'float', 'precision': 2}"/></td>
                </t>
            </tr>
        </table>
                  </div>
              </div>
            </div>
          </div>
        </xpath>
    </template>

</odoo>
