<?xml version="1.0" encoding='UTF-8'?>
<odoo>
  <data>
    <record id="night_audit_cron" model="ir.cron">
      <field name="name">Night Audit Everyday</field>
      <field name="model_id" ref="model_hms_night_audit"/>
      <field name="state">code</field>
      <field name="code">model.night_audit()</field>
      <field name="user_id" ref="base.user_root"/>
      <field name='interval_number'>5</field>
      <field name='interval_type'>minutes</field>
      <field name="numbercall">-1</field>
      <field name="doall" eval="False"/>
    </record>
  </data>
</odoo>