<?xml version="1.0" encoding='UTF-8'?>
<odoo>
  <data>
    <record id="bulk_excel_download_cron" model="ir.cron">
      <field name="name">Bulk Excel Download Everyday</field>
      <field name="model_id" ref="model_hotel_reservation"/>
      <field name="state">code</field>
      <field name="code">model.download_data_to_excel()</field>
      <field name="user_id" ref="base.user_root"/>
      <field name='interval_number'>1</field>
      <field name='interval_type'>days</field>
      <field name="numbercall">-1</field>
      <field name="doall" eval="False"/>
    </record>
  </data>
</odoo>


