<?xml version="1.0" encoding="utf-8"?>
<odoo>
  <data noupdate="1">
    <!-- Demo Partner 1 -->
    <record model="hms.customer_type" id="demo_customer_1">
      <field name="name">Complimentary</field>
      <!-- Add other fields of the res.partner model as needed -->
    </record>
    <record model="hms.customer_type" id="demo_customer_2">
      <field name="name">Regular</field>
      <!-- Add other fields of the res.partner model as needed -->
    </record>
    <record model="hms.customer_type" id="demo_customer_3">
      <field name="name">Occasional Guests</field>
      <!-- Add other fields of the res.partner model as needed -->
    </record>
    <!-- Add more demo data records as needed -->
  </data>
</odoo>