<odoo>

<!--<data>-->
<!-- <record id="seq_hotel_reservation" model="ir.sequence">-->
<!--       <field name="name">Hotel Reservation</field>-->
<!--       <field name="code">hotel.reservation</field>-->
<!--       <field name="prefix">RSV:</field>-->
<!--       <field name="padding">3</field>-->
<!--       <field name="company_id" eval="False"/>-->
<!--   </record>-->

<!--   </data>-->

    <data>
        <record id="seq_hotel_reservation" model="ir.sequence">
            <field name="name">Hotel Reservation</field>
            <field name="code">hotel.reservation</field>
<!--            <field name="prefix">%(y)s%(month)s%(day)s-</field>-->
             <field name="prefix">RSV-%(day)s%(month)s%(y)s</field>
            <field eval="1" name="number_next"/>
            <field eval="1" name="number_increment"/>
            <field eval="True" name="use_date_range"/>
            <field name="padding">3</field>
        </record>
    </data>
</odoo>