<?xml version="1.0" encoding="UTF-8"?>
<templates xml:space="preserve">
	<script>
	</script>
	<t t-name="BookingChart">
		<div style="overflow:auto;" class="shadow-lg">
			<table class="table table-bordered mb-0">
				<t t-foreach="widget.get('summary_header')" t-as="header_detail">
					<tr class="" style="background-color: #8278a3b8; color: whitesmoke;">
						<t t-foreach="header_detail.header" t-as="header">
							<t t-if="header.weekend == true">
								<th class="text-center" style="background-color: #ffafaf99">
									<t t-esc="header.date" />
								</th>
							</t>
							<t t-if="header.weekend == false">
								<th class="text-center">
									<t t-esc="header.date" />
								</th>
							</t>
						</t>
					</tr>
				</t>
				<t t-foreach="widget.get('room_summary')" t-as="detail">
					<tr>
						<td class="text-center">
							<t t-esc="detail.name" />
						</td>
						<t t-foreach="detail.value" t-as="status">
							<t t-if="status.status == 'Free' and status.weekend == true">
								<td class="text-center table_free" style="background-color: #ffafaf99" t-att-data="status.room_id" t-att-date="status.date" t-att-roomtype="status.room_type" t-att-weekend="status.weekend">
									<t t-esc="status.guest" />
								</td>
							</t>
							<t t-if="status.status == 'Free' and status.weekend == false">
								<td class="text-center table_free" t-att-data="status.room_id" t-att-date="status.date" t-att-roomtype="status.room_type" t-att-weekend="status.weekend">
									<t t-esc="status.guest" />
								</td>
							</t>
							<t t-if="status.status != 'Free'">
								<td class="text-center table-area-selected" t-att-resvname="status.guest" t-att-data="status.room_id" t-att-date="status.date" t-att-roomtype="status.room_type" t-att-col="status.col_span" t-att-resv="status.reservation_id" t-att-style="status.background" t-att-colspan="status.col_span">
									<t t-esc="status.guest" />
								</td>
							</t>
						</t>
					</tr>
				</t>
			</table>
		</div>
	</t>
</templates>
