<templates>
  <t t-name="Dashboard">
    <div class="oh_dashboards h-100 overflow-auto mx-auto" style="max-width: 1920px;">
      <div class="o_pos_dashboard mb-5 container-fluid my-3">
        <div class="d-flex align-items-center justify-content-between">
          <h2 class="d-block">Dashboard</h2>
          <select name="dashboard-date-filter" class="w-auto form-control mb-3" id="dashboard-date-filter">
            <option value="1">Jan</option>
            <option value="2">Feb</option>
            <option value="3">Mar</option>
            <option value="4">Apr</option>
            <option value="5">May</option>
            <option value="6">Jun</option>
            <option value="7">Jul</option>
            <option value="8">Aug</option>
            <option value="9">Sep</option>
            <option value="10">Oct</option>
            <option value="11">Nov</option>
            <option value="12">Dec</option>
          </select>
        </div>
        <div class="row">
          <div class="col-12 col-md-6 col-lg-3">
            <div class="card">
              <div class="card-body">
                <div class="card-subtitle mb-4 text-muted">Total Reservations</div>
                <h4 class="card-title total_reservation_count">
                  <t t-esc="widget.totalReservationsCount[0]"/>
                </h4>
                <small class="text-muted">
                  <span class="text__reservation-percent">
                    <t t-esc="widget.reservation_percentage" />
                  </span>% of estimate reservation met.
                </small>
                <progress class="w-full total__reservation-percentage" value="5" max="100"/>
              </div>
            </div>
          </div>
          <div class="col-12 col-md-6 col-lg-3">
            <div class="card">
              <div class="card-body">
                <div class="card-subtitle mb-4 text-muted">Total Booking Cancel</div>
                <h4 class="card-title total_reservation_cancel_count">
                  <t t-esc="widget.totalReservation_CancelCount"/>
                </h4>
                <small class="text-muted">
                  <span class="text__cancel-percent">
                    <t t-esc="widget.cancel_percentage"/>
                  </span>% cancel for this month.
                </small>
                <progress class="w-full total__cancel-percentage" value="32" max="100"> 32% </progress>
              </div>
            </div>
          </div>
          <div class="col-12 col-md-6 col-lg-3">
            <div class="card">
              <div class="card-body">
                <div class="card-subtitle mb-4 text-muted">Total Check In</div>
                <h4 class="card-title total_check_ins">
                  <t t-esc="widget.totalCheckInsCount" />
                </h4>
                <small class="text-muted">
                  <span class="text__checkin-percent">
                    <t t-esc="widget.check_in_percentage" />
                  </span>% of total reservations.
                </small>
                <progress class="w-full total__check-in-percentage" value="32" max="100"> 32% </progress>
              </div>
            </div>
          </div>
          <div class="col-12 col-md-6 col-lg-3">
            <div class="card" style="min-height: 131.383px; height: 100%;">
              <div class="card-body">
                <div class="card-subtitle text-muted">Total Income(Ks)</div>
                <h1 class="card-title total_income d-flex display-4 align-items-center h-100">
                  <t t-esc="widget.earningChartData.current_month_total" />
                </h1>
              </div>
            </div>
          </div>
        </div>
        <div class="row mt-5">
          <div class="col-md-12 col-lg-9">
            <div class="card" style="width: 100%; height: 360px;">
              <div class="card-header">
                <h4 class="pt-2">Earning Chart</h4>
              </div>
              <div class="p-4 pb-0 d-flex">
                <div class="mr-3">
                  <div class="card-subtitle text-muted">This month(Ks)</div>
                  <span class="card-title font-weight-bold current_month_total" style="font-size: 1.75rem;">
                    <t t-esc="widget.earningChartData.current_month_total" />
                  </span>
                </div>
                <div>
                  <div class="card-subtitle text-muted">Previous month(Ks)</div>
                  <span class="card-title font-weight-bold text-muted prev_month_total" style="font-size: 1.75rem;">
                    <t t-esc="widget.earningChartData.prev_month_total" />
                  </span>
                </div>
              </div>
              <div class="card-body">
                <canvas id="earning_line_chart"/>
              </div>
            </div>
          </div>
          <div class="col-md-12 col-lg-3">
            <div class="card" style="height: 360px;">
              <div class="card-header d-flex justify-content-between align-items-center">
                <h4 class="pt-2">Room Status</h4>
                <span>
                  <span t-esc="new Date().toLocaleDateString('en-GB',{'day': '2-digit','month': 'long','year': 'numeric'})" />
                </span>
              </div>
              <ul class="list-group list-group-flush overflow-auto">
                <t t-foreach="widget.avaliableTableData.table_body" t-as="body">
                  <li class="list-group-item d-flex justify-content-between align-items-center">
                    <span>
                      <span>
                        <t t-esc="body.name" />
                        (<t t-esc="body.total" />)
                      </span>
                    </span>
                    <span t-if="body.total - body.avaliable[0].avaliable_count == 0" class="text-danger">
                      <t t-esc="body.total - body.avaliable[0].avaliable_count" />
                    </span>
                    <span t-else="">
                      <t t-esc="body.total - body.avaliable[0].avaliable_count" />
                    </span>
                  </li>
                </t>
              </ul>
            </div>
          </div>
        </div>
        <div class="row mt-5">
          <div class="col-md-12 col-lg-3">
            <div class="card" style="width: 100%; height: 360px;">
              <div class="card-header d-flex justify-content-between align-items-center">
                <h4 class="pt-2">Reservation Status</h4>
                <span>
                  <span t-esc="new Date().toLocaleDateString('en-GB',{'day': '2-digit','month': 'long','year': 'numeric'})" />
                </span>
              </div>
              <div class="card-body">
                <canvas id="reservation_status_doughnut_chart"/>
              </div>
            </div>
          </div>
          <div class="col-md-12 col-lg-9">
            <div class="card" style="height: 360px;">
              <div class="card-header d-flex justify-content-between align-items-center">
                <h4 class="pt-2">Availability</h4>
                 
              </div>
              <div class="overflow-auto">
                <table class="table table-bordered text-center">
                  <thead>
                    <tr>
                      <th scope="col">Rooms</th>
                      <t t-foreach="widget.avaliableTableData.table_header" t-as="header">
                        <th t-if="header.weekend == false" scope="col" class="font-weight-light">
                          <span class="text-uppercase">
                            <t t-esc="header.day" />
                          </span>
                          <t t-esc="header.name" />
                        </th>
                        <th t-else="" scope="col" class="font-weight-light" style="background-color: #F3F8FE">
                          <span class="text-uppercase">
                            <t t-esc="header.day" />
                          </span>
                          <t t-esc="header.name" />
                        </th>
                      </t>
                    </tr>
                  </thead>
                  <tbody>
                    <t t-foreach="widget.avaliableTableData.table_body" t-as="body">
                      <tr>
                        <th scope="row">
                          <span>
                            <t t-esc="body.name" />
                            (<t t-esc="body.total" />)
                          </span>
                          <t t-foreach="body.avaliable" t-as="avaliable">
                            <td t-if="avaliable.weekend == true and avaliable.avaliable_count == 0" style="background-color: #F3F8FE; color: #d23f3a;">
                              <t t-esc="avaliable.avaliable_count" />
                            </td>
                            <td t-elif="avaliable.weekend == true" style="background-color: #F3F8FE;">
                              <t t-esc="avaliable.avaliable_count" />
                            </td>
                            <td t-elif="avaliable.avaliable_count == 0" class="text-danger">
                              <t t-esc="avaliable.avaliable_count" />
                            </td>
                            <td t-else="">
                              <t t-esc="avaliable.avaliable_count" />
                            </td>
                          </t>
                        </th>
                      </tr>
                    </t>
                  </tbody>
                </table>
              </div>
            </div>
          </div>
        </div>
        <!-- <pre>
          <t t-esc="JSON.stringify(widget.roomStatus, null, 2)" />
        </pre> -->
        <!-- <pre>
          <t t-esc="JSON.stringify(widget.avaliableTableData, null, 2)" />
        </pre> -->
        <!-- roomSummaryData -->
      </div>
    </div>
  </t>
  <!--  ended -->
</templates>
