<?xml version="1.0" encoding="UTF-8" ?>
<templates xml:space="preserve">
  <style>
        *, *::before, *::after {
            box-sizing: unset;
        }
          .o_control_panel{
          display : none
          }
          .o_form_view .o_form_sheet_bg &gt; .o_form_sheet {
          min-width: unset;
          max-width: unset;
          }
          .o_field_widget.o_datepicker .o_datepicker_button:after,
          .o_datepicker .o_datepicker_button:after {
          content: "\f073";
          display: inline-block;
          width: 20px;
          height: 20px;
          border: 0;
          font-family: FontAwesome;
          }
          td t{
          border: solid 1px #ccc;
          border-radius: 50%;
          display:block;
          }
          .gap-3{
          gap: 5rem;
          }
          .gap-1{
          gap: 0.5rem;
          }
          .gap-4{
          gap: 3rem;
          }
          .gap-5{
          gap: 8.5rem;
          }
          .font-size-h3{
          font-size: 1.3rem
          }
        </style>
  <t t-name="GroupSummary">
    <table class="o_group o_inner_group shadow-sm">
      <tr>
        <t t-foreach="widget.get('group_summary')" t-as="detail">
          <td class="o_td_label" style="box-sizing: content-box;">
            <label class="o_form_label" style="box-sixing: unset;">
              <t t-esc="detail.room_type"/>
            </label>
          </td>
          <td style="width: 33.3333%;">
            <span>
              <t t-esc="detail.count"/>
            </span>
          </td>
        </t>
      </tr>
    </table>
    <div style="overflow:auto;" class="">
      <table class="o_list_table table table-sm table-hover table-striped o_list_table_ungrouped">
        <tr class="">
          <th class="">Rsv No</th>
          <th class="">Guest Name</th>
          <th class="">Group</th>
          <th class="">Room Type</th>
        </tr>
        <t t-foreach="widget.get('group_summary_ids')" t-as="reservation">
          <tr>
            <td class="">
              <t t-esc="reservation.reservation"/>
            </td>
            <td class="">
              <t t-esc="reservation.guest_name"/>
            </td>
            <td class="">
              <t t-esc="reservation.group"/>
            </td>
            <td class="">
              <t t-esc="reservation.room_type"/>
            </td>
          </tr>
        </t>
      </table>
    </div>
  </t>
</templates>
<!--
Some Custom Styles

<style>
	.table-bordered > tbody > tr > td, .table-bordered > tbody > tr > th, .table-bordered > tfoot > tr > td, .table-bordered > tfoot > tr > th, .table-bordered > thead > tr > td, .table-bordered > thead > tr > th {
		border: 1px solid black;
	}
</style> -->