<?xml version="1.0" encoding="UTF-8"?>
<template>
  <t t-name="GroupPopupWidget">
    <div class="input-group-append btn-search">
      <t t-if="widget.mode == 'edit' ">
        <div style="background: #eee; padding: 5px 9px; border: 1px solid #ccc; border-radius: 3px;">
          <input type="hidden" class="" t-att-value="formated_value" />
          <span class="">
            <i class="fa fa-search"></i>
          </span>
        </div>
      </t>
      <t t-if="widget.mode == 'readonly' ">
        <input type="hidden" class="form-control" t-att-value="formated_value" />
      </t>
    </div>
  </t>
</template>