<?xml version="1.0" encoding="UTF-8" ?>
<templates xml:space="preserve">
	<t t-name="RoomSummary">
		<div style="overflow:auto;" class="shadow-lg">
			<table class="table table-bordered mb-0">
				<t t-foreach="widget.get('summary_header')" t-as="header_detail">
					<tr class="" style="background-color: #504088b8; color: whitesmoke;">
						<t t-foreach="header_detail.header" t-as="header">

							<t t-if="header.weekend == true and header.class == false">
								<th class="text-center" style="background-color: #ffafaf99" >
									<t t-esc="header.date"/>
								</th>
							</t>
							<t t-if="header.weekend == true and header.class == true">
								<th class="text-center include-month" style="background-color: #ffafaf99"  >
									<t t-esc="header.date"/>
								</th>
							</t>
							<t t-if="header.weekend == false and header.class == false" >
								<th class="text-center">
									<t t-esc="header.date"/>
								</th>
							</t>
							<t t-if="header.weekend == false and header.class == true">
								<th class="text-center include-month">
									<t t-esc="header.date"/>
								</th>
							</t>

						</t>
					</tr>
				</t>
				<t t-foreach="widget.get('room_summary')" t-as="detail">
					<tr>
						<t t-if="detail.total == true" >
							<td class="text-center" style="background-color: #83838370;">
								<t t-esc="detail.name" />
							</td>
						</t>
						<t t-if="detail.total == false">
							<td class="text-center">
								<t t-esc="detail.name"/>
							</td>
						</t>
						<t t-foreach="detail.value" t-as="status">

							<t t-if="status.status == 'total'">
								<td class="text-center" style="background-color: #83838370;">
									<t t-esc="status.today_count"/>
								</td>
							</t>
							<t t-if="status.status != 'total' and status.weekend == false" >
								<td class="text-center" >
									<t t-esc="status.today_count"/>
								</td>
							</t>
							<t t-if="status.status != 'total' and status.weekend == true" >
								<td class="text-center" style="background-color: #ffafaf99" >
									<t t-esc="status.today_count"/>
								</td>
							</t>


						</t>
					</tr>
				</t>
			</table>
		</div>
	</t>
</templates>

<!--
Some Custom Styles

<style>
	.table-bordered > tbody > tr > td, .table-bordered > tbody > tr > th, .table-bordered > tfoot > tr > td, .table-bordered > tfoot > tr > th, .table-bordered > thead > tr > td, .table-bordered > thead > tr > th {
		border: 1px solid black;
	}
</style> -->