<?xml version="1.0" encoding="UTF-8" ?>
<!--
Copyright 2019 GRAP - Quentin DUPONT
Copyright 2020 Tecnativa - Alexandre Díaz
License AGPL-3.0 or later (http://www.gnu.org/licenses/agpl.html).
-->
<templates>
  <t t-name="web_widget_numeric_step">
    <t t-if="widget.mode != 'readonly'">
      <div class="input-group widget_numeric_step">
        <input
            type="tel"
            class="input_numeric_step form-control w-75"
            aria-label="Value"
        />
        <div class="w-25 d-flex justify-content-around">
          <button
              class="fa fa-plus btn_numeric_step btn btn-secondary input-group-append"
              aria-label="Plus"
              title="Plus"
              type="button"
              data-mode="plus"
          />
          <button
              class="fa fa-minus btn_numeric_step btn btn-secondary input-group-append"
              aria-label="Minus"
              title="Minus"
              type="button"
              data-mode="minus"
          />
        </div>
      </div>
    </t>
    <t t-else="">
      <field />
    </t>
  </t>
</templates>