<?xml version="1.0" encoding="UTF-8" ?>
<templates>
  <t t-extend="ListView.buttons">
    <t t-jquery="button.o_list_button_add" t-operation="after">
      <!-- <t t-foreach="widget.views" t-as="view">
        <button type="button" t-if='widget.modelName == "hms_room_setup" and view.id == "house_keeping_tree_view" ' class="quick_clean btn btn-secondary">
          Quick Clean
        </button>
        <span/>
      </t> -->
      <button type="button" t-if='widget._title == "House Keeping" and widget.modelName == "hms_room_setup"'
              class="quick_clean_action btn btn-primary ml-3">Quick Clean</button>
    </t>
  </t>
</templates>