<?xml version="1.0" encoding="UTF-8"?>
<templates xml:space="preserve">
  <t t-extend="FormView.buttons">
    <t t-jquery="button.o_form_button_save" t-operation="replace">
      <button type="button" class="btn btn-primary o_form_button_save"  accesskey="s">
        <span t-if='widget.modelName == "hms.registration"'>Confirm</span>
        <span t-else="">Save</span>
      </button>
    </t>
  </t>
  <!-- <t t-extend="FormView.buttons">
    <t t-jquery="button.o_form_button_cancel" t-operation="after">
      <button type="button" t-if='widget.modelName == "hms.registration"' class="oe_new_custom_button_room_transfer btn btn-primary">Room Transfer</button>
      <span/>
    </t>
  </t> -->
</templates>