id,name,model_id:id,group_id:id,perm_read,perm_write,perm_create,perm_unlink
hotelia.access_hms_room_type,access_hms_room_type,hotelia.model_hms_room_type,base.group_user,1,1,1,1
hotelia.access_hms_customer_type,access_hms_customer_type,hotelia.model_hms_customer_type,base.group_user,1,1,1,1
hotelia.access_hms_national,access_hms_national,hotelia.model_hms_national,base.group_user,1,1,1,1
hotelia.access_hms_namelist,access_hms_namelist,hotelia.model_hms_namelist,base.group_user,1,1,1,1
hotelia.access_hms_amenity,access_hms_amenity,hotelia.model_hms_amenity,base.group_user,1,1,1,1
hotelia.access_hms_transaction,access_hms_transaction,hotelia.model_hms_transaction,base.group_user,1,1,1,1
hotelia.access_hotel_guest,access_hotel_guest,hotelia.model_hotel_guest,base.group_user,1,1,1,1
hotelia.access_hotel_message,access_hotel_message,hotelia.model_hotel_message,base.group_user,1,1,1,1
hotelia.access_hotel_color,access_hotel_color,hotelia.model_hotel_color,base.group_user,1,1,1,1
hotelia.access_hotel_bill,access_hotel_bill,hotelia.model_hotel_bill,base.group_user,1,1,1,1
hotelia.access_hotel_bill_transfer,access_hotel_bill_transfer,hotelia.model_hotel_bill_transfer,base.group_user,1,1,1,1
hotelia.access_hotel_bill_history,access_hotel_bill_history,hotelia.model_hotel_bill_history,base.group_user,1,1,1,1
hotelia.access_hotel_payment,access_hotel_payment,hotelia.model_hotel_payment,base.group_user,1,1,1,1
hotelia.access_hotel_payment_line,access_hotel_payment_line,hotelia.model_hotel_payment_line,base.group_user,1,1,1,1
hotelia.access_room_setup,access_room_setup,hotelia.model_hms_room_setup,base.group_user,1,1,1,1
hotelia.access_room_rate,access_room_rate,hotelia.model_hms_room_rate,base.group_user,1,1,1,1
hotelia.access_room_setup,access_room_setup,hotelia.model_hms_room_setup,base.group_user,1,1,1,1
hotelia.access_hotel_reservation,access_hotel_reservation,hotelia.model_hotel_reservation,base.group_user,1,1,1,1
hotelia.access_hms_guestline,access_hms_guestline,hotelia.model_hms_guestline,base.group_user,1,1,1,1
hotelia.access_hms_room_chart,access_hms_room_chart,hotelia.model_hotelia_room_reservation_summary,base.group_user,1,1,1,1
hotelia.access_hotelia_booking_chart,access_hotelia_booking_chart,hotelia.model_hotelia_booking_chart,base.group_user,1,1,1,1
hotelia.access_hms_roomresreve,access_hms_roomresreve,hotelia.model_hms_roomresreve,base.group_user,1,1,1,1
hotelia.access_hmslite_room_status,access_hmslite_room_status,hotelia.model_hmslite_room_status,base.group_user,1,1,1,1
hotelia.access_hmslite_companysetup,access_hmslite_companysetup,hotelia.model_hmslite_companysetup,base.group_user,1,1,1,1
hotelia.access_hmslite_agentsetup,access_hmslite_agentsetup,hotelia.model_hmslite_agentsetup,base.group_user,1,1,1,1
hotelia.access_hms_registration,access_hms_registration,hotelia.model_hms_registration,base.group_user,1,1,1,1

hotelia.access_hms_transaction,access_hms_transaction,hotelia.model_hms_transaction,base.group_user,1,1,1,1
hotelia.access_hms_trans_line,access_hms_trans_line,hotelia.model_hms_trans_line,base.group_user,1,1,1,1
hotelia.access_hotel_reservation_popup,access_hotel_reservation_popup,hotelia.model_hotel_reservation_popup,base.group_user,1,1,1,1
hotelia.access_hms_quick_clean,access_hms_quick_clean,hotelia.model_hms_quick_clean,base.group_user,1,1,1,1
hotelia.access_hotelia_system_config,access_hotelia_system_config,hotelia.model_hotelia_system_config,base.group_user,1,1,1,1
hotelia.access_hms_night_audit,access_hms_night_audit,hotelia.model_hms_night_audit,base.group_user,1,1,1,1
hotelia.access_hms_package,access_hms_package,hotelia.model_hms_package,base.group_user,1,1,1,1

hotelia.access_hotel_reservation_report_wizard,access_hotel_reservation_report_wizard,hotelia.model_hotel_reservation_report_wizard,base.group_user,1,1,1,1
hotelia.access_hotel_registration_report_wizard,access_hotel_registration_report_wizard,hotelia.model_hotel_registration_report_wizard,base.group_user,1,1,1,1
hotelia.access_hmstransaction_report_wizard,access_hmstransaction_report_wizard,hotelia.model_hmstransaction_report_wizard,base.group_user,1,1,1,1
hotelia.access_hotel_reservation_inhouse_wizard,access_hotel_reservation_inhouse_wizard,hotelia.model_hotel_reservation_inhouse_wizard,base.group_user,1,1,1,1
hotelia.access_hmssalesummary_report_wizard,access_hmssalesummary_report_wizard,hotelia.model_hmssalesummary_report_wizard,base.group_user,1,1,1,1
hotelia.access_rate_variance_wizard,access_rate_variance_wizard,hotelia.model_rate_variance_wizard,base.group_user,1,1,1,1
hotelia.access_departure_wizard,access_departure_wizard,hotelia.model_departure_wizard,base.group_user,1,1,1,1
hotelia.access_payment_detail_wizard,access_payment_detail_wizard,hotelia.model_payment_detail_wizard,base.group_user,1,1,1,1
hotelia.access_night_audit_wizard,access_night_audit_wizard,hotelia.model_night_audit_wizard,base.group_user,1,1,1,1
hotelia.access_year_plan_wizard,access_year_plan_wizard,hotelia.model_year_plan_wizard,base.group_user,1,1,1,1
hotelia.access_cashier_report_wizard,access_cashier_report_wizard,hotelia.model_cashier_report_wizard,base.group_user,1,1,1,1
hotelia.access_guest_ledger_wizard,access_guest_ledger_wizard,hotelia.model_guest_ledger_wizard,base.group_user,1,1,1,1
hotelia.access_expected_departure_wizard,access_expected_departure_wizard,hotelia.model_expected_departure_wizard,base.group_user,1,1,1,1

hotelia.access_warning_wizard,access_warning_wizard,hotelia.model_warning_wizard,base.group_user,1,1,1,1
hotelia.access_hotel_registration_popup,access_hotel_registration_popup,hotelia.model_hotel_registration_popup,base.group_user,1,1,1,1
hotelia.access_hms_groupreserve,access_hms_groupreserve,hotelia.model_hms_groupreserve,base.group_user,1,1,1,1
hotelia.access_hms_reservationline,access_hms_reservationline,hotelia.model_hms_reservationline,base.group_user,1,1,1,1
hotelia.access_hms_group_summary,access_hms_group_summary,hotelia.model_hms_group_summary,base.group_user,1,1,1,1

hotelia.access_new_settings,access_new_settings,hotelia.model_new_settings,base.group_user,1,1,1,1
hotelia.access_button_access,access_button_access,hotelia.model_button_access_group,base.group_user,1,1,1,1
hotelia.access_button_names,access_button_names,hotelia.model_button_names,base.group_user,1,1,1,1

hotelia.access_hms_functional_rooms_setup,access_hms_functional_rooms_setup,hotelia.model_hms_functional_rooms_setup,base.group_user,1,1,1,1
hotelia.access_hms_functional_room_type,access_hms_functional_room_type,hotelia.model_hms_functional_room_type,base.group_user,1,1,1,1
hotelia.access_hms_functional_room_rate,access_hms_functional_room_rate,hotelia.model_hms_functional_room_rate,base.group_user,1,1,1,1
hotelia.access_function_room,access_function_room,hotelia.model_function_room,base.group_user,1,1,1,1
hotelia.access_hms_house_status,access_hms_house_status,hotelia.model_hms_house_status,base.group_user,1,1,1,1
hotelia.access_room_transfer_wizard,access_room_transfer_wizard,hotelia.model_room_transfer_wizard,base.group_user,1,1,1,1
hotelia.access_manager_report_wizard,access_manager_report_wizard,hotelia.model_manager_report_wizard,base.group_user,1,1,1,1
hotelia.cancel_transaction,access_cancel_transaction,hotelia.model_cancel_transaction,base.group_user,1,1,1,1

hotelia.access_hotel_minibar_transaction,access_hotel_minibar_transaction,hotelia.model_hotel_minibar_transaction,base.group_user,1,1,1,1
hotelia.access_hotel_dashboard,access_hotel_dashboard,hotelia.model_hotel_dashboard,base.group_user,1,1,1,1
hotelia.access_hotel_product,access_hotel_product,hotelia.model_hotel_product,base.group_user,1,1,1,1

hotelia.access_bill_transfer_trans_line,access_bill_transfer_trans_line,hotelia.model_bill_transfer_trans_line,base.group_user,1,1,1,1
hotelia.access_bill_transfer_right_trans_line,access_bill_transfer_right_trans_line,hotelia.model_bill_transfer_right_trans_line,base.group_user,1,1,1,1

hotelia.access_hms_group_room_list,access_hms_group_room_list,hotelia.model_hms_group_room_list,base.group_user,1,1,1,1