<?xml version="1.0" encoding="utf-8"?>
<odoo>

    <record model="ir.module.category" id="base.module_category_hotelia">
        <!-- <field name="name">Hotelia</field> -->
        <field name="description">User access level for hotelia module</field>
        <field name="sequence">11</field>
    </record>

    <record id="group_hms_cashier" model="res.groups">
        <field name="name">HMS Cashier</field>
        <field name="category_id" ref="base.module_category_hotelia"/>
        <field name="implied_ids" eval="[(4, ref('base.group_user'))]"/>
        <field name="users" eval="[(4, ref('base.user_root')), (4, ref('base.user_admin'))]"/>
    </record>

    <record id="group_hms_accountant" model="res.groups">
        <field name="name">HMS Accountant</field>
        <field name="category_id" ref="base.module_category_hotelia"/>
        <field name="implied_ids" eval="[(4, ref('group_hms_cashier'))]"/>
        <field name="users" eval="[(4, ref('base.user_root')), (4, ref('base.user_admin'))]"/>
    </record>

    <record id="group_hms_manager" model="res.groups">
        <field name="name">HMS Manager</field>
        <field name="category_id" ref="base.module_category_hotelia"/>
        <field name="implied_ids" eval="[(4, ref('group_hms_accountant'))]"/>
        <field name="users" eval="[(4, ref('base.user_root')), (4, ref('base.user_admin'))]"/>
    </record>

    <record id="group_hms_billing_master" model="res.groups">
        <field name="name">HMS Billing Master</field>
        <field name="category_id" ref="base.module_category_hotelia"/>
        <field name="implied_ids" eval="[(4, ref('base.group_user'))]"/>
        <field name="users" eval="[(4, ref('base.user_root')), (4, ref('base.user_admin'))]"/>
    </record>

    <record id="group_hms_booking" model="res.groups">
        <field name="name">HMS Booking Group</field>
        <field name="category_id" ref="base.module_category_hotelia"/>
    </record>

    <record id="group_hms_front_desk" model="res.groups">
        <field name="name">HMS Front Desk Group</field>
        <field name="category_id" ref="base.module_category_hotelia"/>
    </record>

    <!-- <record id="group_hms_cashier" model="res.groups">
        <field name="name">HMS Cashier Group</field>
        <field name="category_id" ref="base.module_category_hotelia"/>
    </record> -->

    <record id="group_hms_rooms" model="res.groups">
        <field name="name">HMS Rooms Group</field>
        <field name="category_id" ref="base.module_category_hotelia"/>
    </record>

    <record id="group_hms_report" model="res.groups">
        <field name="name">HMS Report Group</field>
        <field name="category_id" ref="base.module_category_hotelia"/>
    </record>
</odoo>
